/*******************************************************************************
 * Size: 20 px
 * Bpp: 2
 * Opts: --bpp 2 --size 20 --no-compress --use-color-info --font IsdtYahei.ttf --range 32,44,46,48-57,65-90,97-122,20805,30005,20998,26512,28608,27963,23384,20648,24490,29615,25918,20013,23436,25104,27744,31867,22411,20219,21153,36873,25321,23481,37327,38480,21046,25193,27969,35774,32622,32467,26463,26465,20214,27425,25968,36820,22238,37325,26032,24320,22987,33258,21160,38221,27682,37240,38081,39640,21387,31163,23376,38217,26494,19979,38146,38156,30967,38144,27585,38899,22768,23631,24149,20142,24230,29060,35821,35328,31995,32479,20449,24687,24674,22797,20986,21378,35774,23450,20851,38381,20302,21333,31616,20307,25991,35760,24518,21551,20840,23616,36890,36947,33521,25991,937,176,8710,37,45,58 --format lvgl -o font_isdtyahei_20.c
 ******************************************************************************/

#ifdef LV_LVGL_H_INCLUDE_SIMPLE
#include "lvgl.h"
#else
#include "lvgl/lvgl.h"
#endif

#ifndef FONT_ISDTYAHEI_20
#define FONT_ISDTYAHEI_20 1
#endif

#if FONT_ISDTYAHEI_20

/*-----------------
 *    BITMAPS
 *----------------*/

/*Store the image of the glyphs*/
static LV_ATTRIBUTE_LARGE_CONST const uint8_t glyph_bitmap[] = {
    /* U+0020 " " */

    /* U+0025 "%" */
    0x7, 0xf4, 0x0, 0x70, 0x7, 0x5b, 0x40, 0x38,
    0x3, 0x80, 0xf0, 0x2c, 0x0, 0xd0, 0x2c, 0x1d,
    0x0, 0x38, 0xb, 0xe, 0x0, 0xb, 0x47, 0x4b,
    0x0, 0x0, 0xbf, 0x87, 0x40, 0x0, 0x0, 0x3,
    0x87, 0xf4, 0x0, 0x2, 0xc7, 0x9b, 0x40, 0x1,
    0xd3, 0x80, 0xf0, 0x0, 0xe0, 0xd0, 0x2c, 0x0,
    0xb0, 0x34, 0xb, 0x0, 0x34, 0xe, 0x3, 0x80,
    0x3c, 0x1, 0xd1, 0xc0, 0x2c, 0x0, 0x1f, 0xd0,

    /* U+002C "," */
    0x0, 0x2d, 0x3c, 0x38, 0x34, 0x70,

    /* U+002D "-" */
    0x0, 0x1, 0xff, 0xd1, 0x55, 0x0,

    /* U+002E "." */
    0x13, 0xeb, 0x40,

    /* U+0030 "0" */
    0x1, 0xbf, 0x40, 0x1f, 0xaf, 0x40, 0xf0, 0x1f,
    0x7, 0x40, 0x2d, 0x3c, 0x0, 0x78, 0xf0, 0x0,
    0xf3, 0xc0, 0x3, 0xcf, 0x0, 0xf, 0x3c, 0x0,
    0x3c, 0xf0, 0x0, 0xe3, 0xc0, 0x7, 0x8b, 0x40,
    0x2d, 0xf, 0x0, 0xf0, 0x2f, 0xaf, 0x0, 0x1f,
    0xe0, 0x0,

    /* U+0031 "1" */
    0x0, 0xd0, 0xbd, 0xbf, 0xde, 0x1d, 0x1, 0xd0,
    0x1d, 0x1, 0xd0, 0x1d, 0x1, 0xd0, 0x1d, 0x1,
    0xd0, 0x1d, 0x1, 0xd0, 0x1d, 0x1, 0xd0,

    /* U+0032 "2" */
    0xb, 0xf8, 0x3, 0xeb, 0xf4, 0x20, 0x7, 0xc0,
    0x0, 0x3c, 0x0, 0x2, 0xc0, 0x0, 0x3c, 0x0,
    0xb, 0x80, 0x2, 0xf0, 0x0, 0xf8, 0x0, 0x7d,
    0x0, 0x1f, 0x0, 0x3, 0xc0, 0x0, 0xb4, 0x0,
    0xf, 0xaa, 0xa9, 0xff, 0xff, 0xe0,

    /* U+0033 "3" */
    0x1b, 0xf8, 0x3, 0xeb, 0xf0, 0x10, 0xb, 0x80,
    0x0, 0x78, 0x0, 0x7, 0x40, 0x1, 0xf0, 0xf,
    0xf4, 0x0, 0xab, 0xe0, 0x0, 0xb, 0x80, 0x0,
    0x3c, 0x0, 0x2, 0xc0, 0x0, 0x3c, 0x40, 0xb,
    0x8b, 0xeb, 0xf0, 0x2f, 0xf4, 0x0,

    /* U+0034 "4" */
    0x0, 0x3, 0xc0, 0x0, 0xb, 0xc0, 0x0, 0x1f,
    0xc0, 0x0, 0x3f, 0xc0, 0x0, 0xb3, 0xc0, 0x1,
    0xe3, 0xc0, 0x3, 0xc3, 0xc0, 0xb, 0x3, 0xc0,
    0x2d, 0x3, 0xc0, 0x78, 0x3, 0xc0, 0xff, 0xff,
    0xfd, 0x6a, 0xab, 0xe8, 0x0, 0x3, 0xc0, 0x0,
    0x3, 0xc0, 0x0, 0x3, 0xc0,

    /* U+0035 "5" */
    0x2f, 0xff, 0x82, 0xea, 0xa4, 0x2c, 0x0, 0x3,
    0xc0, 0x0, 0x3c, 0x0, 0x3, 0xe9, 0x0, 0x3f,
    0xfe, 0x0, 0x1, 0xf8, 0x0, 0x3, 0xc0, 0x0,
    0x2d, 0x0, 0x2, 0xd0, 0x0, 0x3c, 0x0, 0xb,
    0x87, 0xeb, 0xf0, 0x2f, 0xf4, 0x0,

    /* U+0036 "6" */
    0x0, 0xbf, 0x80, 0x7e, 0xac, 0x1f, 0x0, 0x3,
    0xc0, 0x0, 0x78, 0x0, 0xb, 0x46, 0x40, 0xb7,
    0xff, 0x4f, 0xe0, 0x7d, 0xf8, 0x1, 0xef, 0x40,
    0xf, 0xb4, 0x0, 0xf7, 0x80, 0x1e, 0x3c, 0x3,
    0xd1, 0xfa, 0xf8, 0x2, 0xfd, 0x0,

    /* U+0037 "7" */
    0xff, 0xff, 0xea, 0xaa, 0xbe, 0x0, 0x3, 0xc0,
    0x0, 0x74, 0x0, 0xf, 0x0, 0x1, 0xd0, 0x0,
    0x3c, 0x0, 0x7, 0x40, 0x0, 0xf0, 0x0, 0xe,
    0x0, 0x2, 0xd0, 0x0, 0x3c, 0x0, 0x3, 0xc0,
    0x0, 0x78, 0x0, 0xb, 0x40, 0x0,

    /* U+0038 "8" */
    0x1, 0xfe, 0x0, 0x2f, 0xaf, 0x40, 0xf0, 0xf,
    0x7, 0x40, 0x2c, 0xe, 0x0, 0xf0, 0x2d, 0xb,
    0x40, 0x2f, 0xf4, 0x2, 0xfa, 0xf4, 0x1e, 0x0,
    0xf0, 0xf0, 0x1, 0xe3, 0xc0, 0x3, 0x8f, 0x0,
    0x1e, 0x2e, 0x0, 0xf4, 0x3f, 0xaf, 0x80, 0x1f,
    0xf4, 0x0,

    /* U+0039 "9" */
    0x1, 0xfe, 0x0, 0x3f, 0xaf, 0x2, 0xe0, 0x1f,
    0xf, 0x0, 0x2d, 0x3c, 0x0, 0x74, 0xf0, 0x1,
    0xe2, 0xe0, 0xf, 0x83, 0xfa, 0xee, 0x2, 0xfd,
    0x78, 0x0, 0x1, 0xd0, 0x0, 0xb, 0x0, 0x0,
    0x3c, 0x0, 0x3, 0xd0, 0x3a, 0xbd, 0x0, 0xbf,
    0x80, 0x0,

    /* U+003A ":" */
    0xb7, 0xe1, 0x0, 0x0, 0x0, 0x0, 0x13, 0xeb,
    0x40,

    /* U+0041 "A" */
    0x0, 0xf, 0x40, 0x0, 0x2, 0xf8, 0x0, 0x0,
    0x3f, 0xc0, 0x0, 0x7, 0xad, 0x0, 0x0, 0xb0,
    0xf0, 0x0, 0xf, 0xf, 0x0, 0x2, 0xd0, 0x78,
    0x0, 0x3c, 0x3, 0xc0, 0x7, 0x80, 0x3d, 0x0,
    0xbe, 0xab, 0xe0, 0xf, 0xff, 0xff, 0x1, 0xe0,
    0x0, 0xb4, 0x3d, 0x0, 0x7, 0xc3, 0xc0, 0x0,
    0x3d, 0xb8, 0x0, 0x2, 0xe0,

    /* U+0042 "B" */
    0x3f, 0xfe, 0x0, 0xfa, 0xff, 0x3, 0xc0, 0x3e,
    0xf, 0x0, 0x78, 0x3c, 0x1, 0xe0, 0xf0, 0xf,
    0x3, 0xeb, 0xe0, 0xf, 0xff, 0xe0, 0x3c, 0x2,
    0xf0, 0xf0, 0x3, 0xd3, 0xc0, 0xb, 0x4f, 0x0,
    0x2d, 0x3c, 0x1, 0xf0, 0xfa, 0xbf, 0x43, 0xff,
    0xe0, 0x0,

    /* U+0043 "C" */
    0x0, 0x1b, 0xfe, 0x0, 0x3f, 0xff, 0xd0, 0x3e,
    0x0, 0x10, 0x3e, 0x0, 0x0, 0x1f, 0x0, 0x0,
    0xb, 0x40, 0x0, 0x3, 0xc0, 0x0, 0x0, 0xf0,
    0x0, 0x0, 0x3c, 0x0, 0x0, 0xf, 0x40, 0x0,
    0x2, 0xe0, 0x0, 0x0, 0x3d, 0x0, 0x0, 0x7,
    0xd0, 0x1, 0x0, 0x7f, 0xef, 0xd0, 0x2, 0xff,
    0x90,

    /* U+0044 "D" */
    0x3f, 0xfe, 0x40, 0x3, 0xeb, 0xff, 0x40, 0x3c,
    0x0, 0x7d, 0x3, 0xc0, 0x0, 0xf0, 0x3c, 0x0,
    0x7, 0x83, 0xc0, 0x0, 0x3c, 0x3c, 0x0, 0x3,
    0xc3, 0xc0, 0x0, 0x3c, 0x3c, 0x0, 0x3, 0xc3,
    0xc0, 0x0, 0x3c, 0x3c, 0x0, 0xb, 0x83, 0xc0,
    0x1, 0xf0, 0x3c, 0x0, 0xbd, 0x3, 0xea, 0xff,
    0x40, 0x3f, 0xfe, 0x40, 0x0,

    /* U+0045 "E" */
    0x3f, 0xff, 0xc3, 0xea, 0xa8, 0x3c, 0x0, 0x3,
    0xc0, 0x0, 0x3c, 0x0, 0x3, 0xc0, 0x0, 0x3e,
    0xaa, 0x3, 0xff, 0xf4, 0x3c, 0x0, 0x3, 0xc0,
    0x0, 0x3c, 0x0, 0x3, 0xc0, 0x0, 0x3c, 0x0,
    0x3, 0xea, 0xa8, 0x3f, 0xff, 0xc0,

    /* U+0046 "F" */
    0x3f, 0xff, 0xcf, 0xaa, 0xa3, 0xc0, 0x0, 0xf0,
    0x0, 0x3c, 0x0, 0xf, 0x0, 0x3, 0xc0, 0x0,
    0xff, 0xfd, 0x3e, 0xaa, 0xf, 0x0, 0x3, 0xc0,
    0x0, 0xf0, 0x0, 0x3c, 0x0, 0xf, 0x0, 0x3,
    0xc0, 0x0,

    /* U+0047 "G" */
    0x0, 0x1b, 0xfe, 0x40, 0xf, 0xff, 0xfc, 0x3,
    0xe0, 0x0, 0x80, 0xf8, 0x0, 0x0, 0x1f, 0x0,
    0x0, 0x2, 0xd0, 0x0, 0x0, 0x3c, 0x0, 0x0,
    0x3, 0xc0, 0xf, 0xfd, 0x3c, 0x0, 0xab, 0xd3,
    0xd0, 0x0, 0x2d, 0x2e, 0x0, 0x2, 0xd0, 0xf4,
    0x0, 0x2d, 0x7, 0xd0, 0x2, 0xd0, 0x1f, 0xfb,
    0xfd, 0x0, 0x2f, 0xfe, 0x0,

    /* U+0048 "H" */
    0x3c, 0x0, 0x7, 0x8f, 0x0, 0x1, 0xe3, 0xc0,
    0x0, 0x78, 0xf0, 0x0, 0x1e, 0x3c, 0x0, 0x7,
    0x8f, 0x0, 0x1, 0xe3, 0xea, 0xaa, 0xf8, 0xff,
    0xff, 0xfe, 0x3c, 0x0, 0x7, 0x8f, 0x0, 0x1,
    0xe3, 0xc0, 0x0, 0x78, 0xf0, 0x0, 0x1e, 0x3c,
    0x0, 0x7, 0x8f, 0x0, 0x1, 0xe3, 0xc0, 0x0,
    0x78,

    /* U+0049 "I" */
    0x3c, 0xf3, 0xcf, 0x3c, 0xf3, 0xcf, 0x3c, 0xf3,
    0xcf, 0x3c, 0xf3, 0xc0,

    /* U+004A "J" */
    0x0, 0xf0, 0x3, 0xc0, 0xf, 0x0, 0x3c, 0x0,
    0xf0, 0x3, 0xc0, 0xf, 0x0, 0x3c, 0x0, 0xf0,
    0x3, 0xc0, 0xf, 0x0, 0x3c, 0x2, 0xe2, 0xff,
    0xb, 0xe0, 0x0,

    /* U+004B "K" */
    0x3c, 0x0, 0xbc, 0x3c, 0x1, 0xf0, 0x3c, 0x7,
    0xc0, 0x3c, 0xf, 0x0, 0x3c, 0x3d, 0x0, 0x3c,
    0xf4, 0x0, 0x3e, 0xe0, 0x0, 0x3f, 0xc0, 0x0,
    0x3d, 0xf0, 0x0, 0x3c, 0xbc, 0x0, 0x3c, 0x2f,
    0x0, 0x3c, 0xf, 0x80, 0x3c, 0x3, 0xe0, 0x3c,
    0x0, 0xf4, 0x3c, 0x0, 0x7d,

    /* U+004C "L" */
    0x3c, 0x0, 0xf, 0x0, 0x3, 0xc0, 0x0, 0xf0,
    0x0, 0x3c, 0x0, 0xf, 0x0, 0x3, 0xc0, 0x0,
    0xf0, 0x0, 0x3c, 0x0, 0xf, 0x0, 0x3, 0xc0,
    0x0, 0xf0, 0x0, 0x3c, 0x0, 0xf, 0xaa, 0xa3,
    0xff, 0xfc,

    /* U+004D "M" */
    0x3f, 0x0, 0x0, 0xf, 0x8f, 0xc0, 0x0, 0xb,
    0xe3, 0xf8, 0x0, 0x3, 0xf8, 0xff, 0x0, 0x1,
    0xee, 0x3d, 0xe0, 0x0, 0xf7, 0x8f, 0x3c, 0x0,
    0x75, 0xe3, 0xcb, 0x40, 0x3c, 0x78, 0xf0, 0xf0,
    0x1e, 0x1e, 0x3c, 0x2d, 0xb, 0x7, 0x8f, 0x3,
    0x83, 0x81, 0xe3, 0xc0, 0xf2, 0xd0, 0x78, 0xf0,
    0x1e, 0xf0, 0x1e, 0x3c, 0x3, 0xf4, 0x7, 0x8f,
    0x0, 0x7c, 0x1, 0xe3, 0xc0, 0xe, 0x0, 0x78,

    /* U+004E "N" */
    0x3e, 0x0, 0x2, 0xd3, 0xf4, 0x0, 0x2d, 0x3f,
    0xc0, 0x2, 0xd3, 0xee, 0x0, 0x2d, 0x3c, 0xf4,
    0x2, 0xd3, 0xc3, 0xc0, 0x2d, 0x3c, 0x2e, 0x2,
    0xd3, 0xc0, 0xf4, 0x2d, 0x3c, 0x3, 0xc2, 0xd3,
    0xc0, 0x2e, 0x2d, 0x3c, 0x0, 0xf2, 0xd3, 0xc0,
    0x7, 0xed, 0x3c, 0x0, 0x2f, 0xd3, 0xc0, 0x0,
    0xfd, 0x3c, 0x0, 0x7, 0xd0,

    /* U+004F "O" */
    0x0, 0x2f, 0xf9, 0x0, 0x1, 0xff, 0xff, 0x80,
    0x7, 0xe0, 0x3, 0xf0, 0xf, 0x40, 0x0, 0xf4,
    0x1e, 0x0, 0x0, 0x7c, 0x3d, 0x0, 0x0, 0x3c,
    0x3c, 0x0, 0x0, 0x3d, 0x3c, 0x0, 0x0, 0x3d,
    0x3c, 0x0, 0x0, 0x3c, 0x3d, 0x0, 0x0, 0x3c,
    0x2e, 0x0, 0x0, 0x7c, 0xf, 0x40, 0x0, 0xf4,
    0x7, 0xd0, 0x3, 0xe0, 0x1, 0xff, 0xff, 0x80,
    0x0, 0x2f, 0xf9, 0x0,

    /* U+0050 "P" */
    0x3f, 0xfe, 0x0, 0xfa, 0xff, 0x43, 0xc0, 0x2f,
    0xf, 0x0, 0x3d, 0x3c, 0x0, 0xb4, 0xf0, 0x3,
    0xd3, 0xc0, 0xf, 0xf, 0x1, 0xf8, 0x3f, 0xff,
    0x80, 0xfe, 0xa0, 0x3, 0xc0, 0x0, 0xf, 0x0,
    0x0, 0x3c, 0x0, 0x0, 0xf0, 0x0, 0x3, 0xc0,
    0x0, 0x0,

    /* U+0051 "Q" */
    0x0, 0x2f, 0xf9, 0x0, 0x0, 0x7f, 0xff, 0xe0,
    0x0, 0x7e, 0x0, 0x3f, 0x0, 0x3d, 0x0, 0x3,
    0xd0, 0x1e, 0x0, 0x0, 0x7c, 0xf, 0x40, 0x0,
    0xf, 0x3, 0xc0, 0x0, 0x3, 0xd0, 0xf0, 0x0,
    0x0, 0xf4, 0x3c, 0x0, 0x0, 0x3c, 0xf, 0x40,
    0x0, 0xf, 0x2, 0xe0, 0x0, 0x7, 0xc0, 0x3d,
    0x0, 0x3, 0xd0, 0x7, 0xd0, 0x3, 0xe0, 0x0,
    0x7f, 0xff, 0xe0, 0x0, 0x2, 0xff, 0xfd, 0x0,
    0x0, 0x0, 0x7, 0xe0, 0x0, 0x0, 0x0, 0x7f,
    0x0,

    /* U+0052 "R" */
    0x3f, 0xfe, 0x40, 0x3e, 0xaf, 0xd0, 0x3c, 0x2,
    0xf0, 0x3c, 0x0, 0xf0, 0x3c, 0x0, 0xf0, 0x3c,
    0x0, 0xf0, 0x3c, 0x7, 0xd0, 0x3f, 0xff, 0x40,
    0x3e, 0xbd, 0x0, 0x3c, 0xf, 0x40, 0x3c, 0x3,
    0xc0, 0x3c, 0x1, 0xf0, 0x3c, 0x0, 0xf4, 0x3c,
    0x0, 0x3c, 0x3c, 0x0, 0x2e,

    /* U+0053 "S" */
    0x6, 0xff, 0x82, 0xfe, 0xfc, 0x7c, 0x0, 0x4b,
    0x40, 0x0, 0xb4, 0x0, 0x7, 0xd0, 0x0, 0x2f,
    0xd0, 0x0, 0x7f, 0xc0, 0x0, 0x7f, 0x40, 0x0,
    0x7c, 0x0, 0x2, 0xd0, 0x0, 0x2e, 0x90, 0x3,
    0xdf, 0xfb, 0xf8, 0x2f, 0xf9, 0x0,

    /* U+0054 "T" */
    0xbf, 0xff, 0xfc, 0x6a, 0xfe, 0xa8, 0x0, 0x38,
    0x0, 0x0, 0x38, 0x0, 0x0, 0x38, 0x0, 0x0,
    0x38, 0x0, 0x0, 0x38, 0x0, 0x0, 0x38, 0x0,
    0x0, 0x38, 0x0, 0x0, 0x38, 0x0, 0x0, 0x38,
    0x0, 0x0, 0x38, 0x0, 0x0, 0x38, 0x0, 0x0,
    0x38, 0x0, 0x0, 0x38, 0x0,

    /* U+0055 "U" */
    0x38, 0x0, 0xf, 0xe, 0x0, 0x3, 0xc3, 0x80,
    0x0, 0xf0, 0xe0, 0x0, 0x3c, 0x38, 0x0, 0xf,
    0xe, 0x0, 0x3, 0xc3, 0x80, 0x0, 0xf0, 0xe0,
    0x0, 0x3c, 0x38, 0x0, 0xf, 0xf, 0x0, 0x3,
    0xc3, 0xc0, 0x0, 0xf0, 0xf4, 0x0, 0x7c, 0x1f,
    0x0, 0x3d, 0x2, 0xfe, 0xfe, 0x0, 0x1f, 0xf9,
    0x0,

    /* U+0056 "V" */
    0xb8, 0x0, 0x3, 0xc7, 0xc0, 0x0, 0x7c, 0x3c,
    0x0, 0xb, 0x42, 0xe0, 0x0, 0xf0, 0xf, 0x0,
    0x1e, 0x0, 0xf4, 0x2, 0xd0, 0x7, 0x80, 0x3c,
    0x0, 0x3c, 0x7, 0x80, 0x2, 0xd0, 0xf0, 0x0,
    0x1e, 0xf, 0x0, 0x0, 0xf1, 0xd0, 0x0, 0xb,
    0x7c, 0x0, 0x0, 0x7b, 0x80, 0x0, 0x3, 0xf4,
    0x0, 0x0, 0x2f, 0x0, 0x0,

    /* U+0057 "W" */
    0xb8, 0x0, 0x2d, 0x0, 0xf, 0x1f, 0x0, 0xf,
    0x80, 0x7, 0x83, 0xc0, 0x7, 0xf0, 0x2, 0xd0,
    0xb4, 0x2, 0xed, 0x0, 0xf0, 0x1e, 0x0, 0xf7,
    0x80, 0x3c, 0x3, 0xc0, 0x38, 0xf0, 0x1e, 0x0,
    0xf0, 0x1d, 0x3c, 0xb, 0x40, 0x2d, 0xf, 0xb,
    0x43, 0xc0, 0x3, 0x83, 0xc1, 0xe0, 0xe0, 0x0,
    0xf1, 0xd0, 0x3c, 0x74, 0x0, 0x2d, 0xb0, 0xb,
    0x2c, 0x0, 0x7, 0xbc, 0x1, 0xdf, 0x0, 0x0,
    0xfe, 0x0, 0x3f, 0x80, 0x0, 0x3f, 0x40, 0xf,
    0xd0, 0x0, 0x7, 0xc0, 0x2, 0xf0, 0x0,

    /* U+0058 "X" */
    0x3d, 0x0, 0xf, 0x7, 0xc0, 0xb, 0x80, 0xf4,
    0x3, 0xc0, 0xf, 0x3, 0xd0, 0x2, 0xe1, 0xe0,
    0x0, 0x3d, 0xf0, 0x0, 0x7, 0xf4, 0x0, 0x0,
    0xfc, 0x0, 0x0, 0x7f, 0x40, 0x0, 0x3c, 0xf0,
    0x0, 0x2d, 0x1f, 0x0, 0x1f, 0x3, 0xd0, 0xf,
    0x0, 0x7c, 0xb, 0x80, 0xb, 0x87, 0xc0, 0x0,
    0xf4,

    /* U+0059 "Y" */
    0xb8, 0x0, 0x1e, 0x3c, 0x0, 0x3c, 0x2e, 0x0,
    0x78, 0xf, 0x0, 0xf0, 0xb, 0x81, 0xe0, 0x3,
    0xc3, 0xc0, 0x2, 0xe7, 0x80, 0x0, 0xff, 0x0,
    0x0, 0xbe, 0x0, 0x0, 0x3c, 0x0, 0x0, 0x3c,
    0x0, 0x0, 0x3c, 0x0, 0x0, 0x3c, 0x0, 0x0,
    0x3c, 0x0, 0x0, 0x3c, 0x0,

    /* U+005A "Z" */
    0x3f, 0xff, 0xff, 0x2a, 0xaa, 0xfd, 0x0, 0x0,
    0x78, 0x0, 0x0, 0xf0, 0x0, 0x3, 0xd0, 0x0,
    0xb, 0x80, 0x0, 0x1f, 0x0, 0x0, 0x3c, 0x0,
    0x0, 0xb4, 0x0, 0x1, 0xf0, 0x0, 0x3, 0xc0,
    0x0, 0xb, 0x40, 0x0, 0x1e, 0x0, 0x0, 0x3f,
    0xaa, 0xaa, 0xbf, 0xff, 0xff,

    /* U+0061 "a" */
    0x6, 0xfe, 0x0, 0xfa, 0xfc, 0x4, 0x2, 0xd0,
    0x0, 0x1e, 0x0, 0x6b, 0xe0, 0xff, 0xae, 0x2d,
    0x1, 0xe3, 0xc0, 0x2e, 0x3c, 0x3, 0xe2, 0xfa,
    0xee, 0xb, 0xf5, 0xe0,

    /* U+0062 "b" */
    0x78, 0x0, 0x1, 0xe0, 0x0, 0x7, 0x80, 0x0,
    0x1e, 0x0, 0x0, 0x78, 0x0, 0x1, 0xe2, 0xfd,
    0x7, 0xbe, 0xbe, 0x1f, 0x80, 0x3d, 0x7c, 0x0,
    0x79, 0xe0, 0x1, 0xe7, 0x80, 0x3, 0xde, 0x0,
    0x1e, 0x7c, 0x0, 0xb5, 0xf4, 0x7, 0xc7, 0xfe,
    0xbd, 0x1e, 0x2f, 0x80,

    /* U+0063 "c" */
    0x0, 0xbf, 0x80, 0x7f, 0xac, 0xf, 0x40, 0x2,
    0xd0, 0x0, 0x3c, 0x0, 0x3, 0xc0, 0x0, 0x3c,
    0x0, 0x3, 0xd0, 0x0, 0x1f, 0x0, 0x0, 0xbe,
    0xac, 0x1, 0xff, 0x80,

    /* U+0064 "d" */
    0x0, 0x0, 0x3c, 0x0, 0x0, 0x3c, 0x0, 0x0,
    0x3c, 0x0, 0x0, 0x3c, 0x0, 0x0, 0x3c, 0x1,
    0xfe, 0x3c, 0xb, 0xeb, 0xfc, 0x1f, 0x0, 0xbc,
    0x2d, 0x0, 0x3c, 0x3c, 0x0, 0x3c, 0x3c, 0x0,
    0x3c, 0x3c, 0x0, 0x3c, 0x3d, 0x0, 0x3c, 0x1f,
    0x0, 0xfc, 0xf, 0xeb, 0xbc, 0x2, 0xfe, 0x3c,

    /* U+0065 "e" */
    0x1, 0xbf, 0x40, 0x1f, 0xaf, 0x40, 0xf0, 0xf,
    0xb, 0x40, 0x2d, 0x3e, 0xaa, 0xb4, 0xff, 0xff,
    0xe3, 0xc0, 0x0, 0xf, 0x40, 0x0, 0x1f, 0x0,
    0x10, 0x2f, 0xab, 0x80, 0x1f, 0xf8, 0x0,

    /* U+0066 "f" */
    0x0, 0xbc, 0x3, 0xe8, 0x7, 0x80, 0xb, 0x40,
    0xb, 0x40, 0x7f, 0xfc, 0x6f, 0xa4, 0xb, 0x40,
    0xb, 0x40, 0xb, 0x40, 0xb, 0x40, 0xb, 0x40,
    0xb, 0x40, 0xb, 0x40, 0xb, 0x40, 0xb, 0x40,

    /* U+0067 "g" */
    0x1, 0xfe, 0x3c, 0xb, 0xeb, 0xfc, 0x1f, 0x0,
    0xbc, 0x2d, 0x0, 0x3c, 0x3c, 0x0, 0x3c, 0x3c,
    0x0, 0x3c, 0x3c, 0x0, 0x3c, 0x3d, 0x0, 0x3c,
    0x1f, 0x0, 0xfc, 0xf, 0xeb, 0xbc, 0x2, 0xfe,
    0x3c, 0x0, 0x0, 0x3c, 0x0, 0x0, 0x78, 0x4,
    0x0, 0xf4, 0xf, 0xab, 0xe0, 0xb, 0xfe, 0x40,

    /* U+0068 "h" */
    0x78, 0x0, 0x7, 0x80, 0x0, 0x78, 0x0, 0x7,
    0x80, 0x0, 0x78, 0x0, 0x7, 0x8b, 0xf4, 0x7b,
    0xef, 0xc7, 0xe0, 0x2e, 0x7c, 0x0, 0xf7, 0x80,
    0xf, 0x78, 0x0, 0xf7, 0x80, 0xf, 0x78, 0x0,
    0xf7, 0x80, 0xf, 0x78, 0x0, 0xf7, 0x80, 0xf,

    /* U+0069 "i" */
    0x79, 0xf1, 0x0, 0x1, 0xe7, 0x9e, 0x79, 0xe7,
    0x9e, 0x79, 0xe7, 0x9e,

    /* U+006A "j" */
    0x0, 0x38, 0x1, 0xf0, 0x1, 0x0, 0x0, 0x0,
    0x0, 0x1, 0xe0, 0x7, 0x80, 0x1e, 0x0, 0x78,
    0x1, 0xe0, 0x7, 0x80, 0x1e, 0x0, 0x78, 0x1,
    0xe0, 0x7, 0x80, 0x1e, 0x0, 0x78, 0x2, 0xd0,
    0xf, 0xe, 0xf8, 0x3f, 0x40,

    /* U+006B "k" */
    0x78, 0x0, 0x7, 0x80, 0x0, 0x78, 0x0, 0x7,
    0x80, 0x0, 0x78, 0x0, 0x7, 0x80, 0x7c, 0x78,
    0x1f, 0x7, 0x83, 0xc0, 0x78, 0xf4, 0x7, 0xbd,
    0x0, 0x7f, 0xc0, 0x7, 0xae, 0x0, 0x78, 0xb8,
    0x7, 0x83, 0xe0, 0x78, 0xf, 0x87, 0x80, 0x3d,

    /* U+006C "l" */
    0x79, 0xe7, 0x9e, 0x79, 0xe7, 0x9e, 0x79, 0xe7,
    0x9e, 0x79, 0xe7, 0x9e,

    /* U+006D "m" */
    0x78, 0xbe, 0x7, 0xf8, 0x1e, 0xeb, 0xe7, 0xaf,
    0x87, 0xd0, 0x3f, 0x40, 0xf1, 0xf0, 0xb, 0x80,
    0x3c, 0x78, 0x1, 0xd0, 0xb, 0x1e, 0x0, 0x74,
    0x2, 0xd7, 0x80, 0x1d, 0x0, 0xb5, 0xe0, 0x7,
    0x40, 0x2d, 0x78, 0x1, 0xd0, 0xb, 0x5e, 0x0,
    0x74, 0x2, 0xd7, 0x80, 0x1d, 0x0, 0xb4,

    /* U+006E "n" */
    0x78, 0xbf, 0x7, 0xbe, 0xfc, 0x7e, 0x2, 0xe7,
    0xc0, 0xf, 0x78, 0x0, 0xf7, 0x80, 0xf, 0x78,
    0x0, 0xf7, 0x80, 0xf, 0x78, 0x0, 0xf7, 0x80,
    0xf, 0x78, 0x0, 0xf0,

    /* U+006F "o" */
    0x0, 0xbf, 0x80, 0x7, 0xea, 0xf4, 0xf, 0x0,
    0x7c, 0x2d, 0x0, 0x2d, 0x3c, 0x0, 0x1e, 0x3c,
    0x0, 0x1e, 0x3c, 0x0, 0x1e, 0x2d, 0x0, 0x2d,
    0x1f, 0x0, 0x7c, 0xb, 0xeb, 0xf0, 0x1, 0xbf,
    0x80,

    /* U+0070 "p" */
    0x78, 0xbf, 0x41, 0xef, 0xaf, 0x87, 0xe0, 0xf,
    0x5f, 0x0, 0x1e, 0x78, 0x0, 0x79, 0xe0, 0x0,
    0xf7, 0x80, 0x7, 0x9f, 0x0, 0x2d, 0x7d, 0x1,
    0xf1, 0xff, 0xaf, 0x47, 0x8b, 0xe0, 0x1e, 0x0,
    0x0, 0x78, 0x0, 0x1, 0xe0, 0x0, 0x7, 0x80,
    0x0, 0x1e, 0x0, 0x0,

    /* U+0071 "q" */
    0x1, 0xfe, 0x3c, 0xb, 0xeb, 0xfc, 0x1f, 0x0,
    0xbc, 0x2d, 0x0, 0x3c, 0x3c, 0x0, 0x3c, 0x3c,
    0x0, 0x3c, 0x3c, 0x0, 0x3c, 0x3d, 0x0, 0x3c,
    0x1f, 0x0, 0xfc, 0xf, 0xeb, 0xbc, 0x2, 0xfe,
    0x3c, 0x0, 0x0, 0x3c, 0x0, 0x0, 0x3c, 0x0,
    0x0, 0x3c, 0x0, 0x0, 0x3c, 0x0, 0x0, 0x3c,

    /* U+0072 "r" */
    0x0, 0x1, 0xe3, 0xe7, 0xba, 0x5f, 0x40, 0x7c,
    0x1, 0xe0, 0x7, 0x80, 0x1e, 0x0, 0x78, 0x1,
    0xe0, 0x7, 0x80, 0x1e, 0x0,

    /* U+0073 "s" */
    0xb, 0xf8, 0x7e, 0xac, 0xf0, 0x0, 0xf0, 0x0,
    0x7e, 0x0, 0x1f, 0xe0, 0x1, 0xfc, 0x0, 0x2d,
    0x40, 0x2d, 0xfa, 0xbc, 0x7f, 0xd0,

    /* U+0074 "t" */
    0x0, 0x0, 0x1c, 0x0, 0xb0, 0x2, 0xc0, 0xbf,
    0xfd, 0xbe, 0xa0, 0xb0, 0x2, 0xc0, 0xb, 0x0,
    0x2c, 0x0, 0xb0, 0x2, 0xc0, 0xb, 0x40, 0x1f,
    0xa0, 0x2f, 0x80,

    /* U+0075 "u" */
    0xb4, 0x1, 0xeb, 0x40, 0x1e, 0xb4, 0x1, 0xeb,
    0x40, 0x1e, 0xb4, 0x1, 0xeb, 0x40, 0x1e, 0x74,
    0x1, 0xe7, 0x80, 0x2e, 0x3c, 0x3, 0xe3, 0xfa,
    0xee, 0xb, 0xf5, 0xe0,

    /* U+0076 "v" */
    0xb4, 0x0, 0xf1, 0xe0, 0x3, 0xc3, 0xc0, 0x1d,
    0xb, 0x40, 0xf0, 0xe, 0x3, 0x80, 0x3c, 0x2d,
    0x0, 0x74, 0xf0, 0x0, 0xe3, 0x40, 0x2, 0xec,
    0x0, 0x7, 0xe0, 0x0, 0xf, 0x40, 0x0,

    /* U+0077 "w" */
    0xb4, 0x3, 0xc0, 0x1d, 0x78, 0x7, 0xd0, 0x2c,
    0x3c, 0xb, 0xe0, 0x3c, 0x2c, 0xe, 0xf0, 0x38,
    0x1d, 0xd, 0x70, 0x70, 0xe, 0x1c, 0x34, 0xb0,
    0xf, 0x2c, 0x38, 0xe0, 0xb, 0x74, 0x2d, 0xd0,
    0x7, 0xb0, 0x1e, 0xc0, 0x3, 0xf0, 0xf, 0xc0,
    0x2, 0xe0, 0xf, 0x40,

    /* U+0078 "x" */
    0x7c, 0x2, 0xe2, 0xd0, 0x3c, 0xf, 0xb, 0x40,
    0x78, 0xe0, 0x3, 0xfc, 0x0, 0xf, 0x40, 0x2,
    0xfc, 0x0, 0x79, 0xe0, 0xf, 0xf, 0x2, 0xd0,
    0x7c, 0x78, 0x2, 0xe0,

    /* U+0079 "y" */
    0xb4, 0x0, 0xb5, 0xf0, 0x3, 0xc3, 0xc0, 0x1e,
    0xb, 0x40, 0xb0, 0xf, 0x3, 0x80, 0x2c, 0x1d,
    0x0, 0x74, 0xf0, 0x0, 0xf3, 0x80, 0x2, 0xec,
    0x0, 0x3, 0xf0, 0x0, 0xf, 0x40, 0x0, 0x3c,
    0x0, 0x1, 0xe0, 0x0, 0xf, 0x0, 0x6, 0xf4,
    0x0, 0x1f, 0x40, 0x0,

    /* U+007A "z" */
    0x3f, 0xff, 0xd2, 0xaa, 0xf8, 0x0, 0xf, 0x0,
    0x2, 0xd0, 0x0, 0x78, 0x0, 0xf, 0x0, 0x3,
    0xc0, 0x0, 0xb4, 0x0, 0x1f, 0x0, 0x3, 0xea,
    0xa8, 0xbf, 0xff, 0xd0,

    /* U+00B0 "°" */
    0x0, 0x0, 0x7e, 0x7, 0x5e, 0x28, 0x1c, 0xe0,
    0x71, 0xc3, 0x82, 0xfc, 0x0, 0x0,

    /* U+03A9 "Ω" */
    0x0, 0xbf, 0xe4, 0x0, 0x2f, 0xfb, 0xfc, 0x2,
    0xf4, 0x0, 0xfc, 0xf, 0x0, 0x0, 0xf8, 0xb8,
    0x0, 0x0, 0xf3, 0xc0, 0x0, 0x3, 0xcf, 0x0,
    0x0, 0xb, 0x7c, 0x0, 0x0, 0x3c, 0xf4, 0x0,
    0x0, 0xf1, 0xe0, 0x0, 0x3, 0xc3, 0xc0, 0x0,
    0x2d, 0x7, 0x80, 0x1, 0xe0, 0x7, 0x80, 0x1e,
    0x2, 0xaf, 0x80, 0xfa, 0x8f, 0xfe, 0x7, 0xff,
    0x40,

    /* U+2206 "∆" */
    0x0, 0x0, 0x0, 0x0, 0x0, 0xf8, 0x0, 0x0,
    0x1f, 0xc0, 0x0, 0x3, 0xed, 0x0, 0x0, 0x39,
    0xe0, 0x0, 0xb, 0x4f, 0x0, 0x0, 0xf0, 0xb4,
    0x0, 0x1e, 0x3, 0xc0, 0x2, 0xc0, 0x3c, 0x0,
    0x3c, 0x1, 0xe0, 0x7, 0x80, 0xf, 0x0, 0xf0,
    0x0, 0xb4, 0x1f, 0x0, 0x7, 0x82, 0xd0, 0x0,
    0x3c, 0x3f, 0xaa, 0xab, 0xe7, 0xff, 0xff, 0xff,

    /* U+4E0B "下" */
    0x0, 0x0, 0x0, 0x0, 0x0, 0x7f, 0xff, 0xff,
    0xff, 0xfe, 0x2a, 0xaa, 0xfa, 0xaa, 0xa9, 0x0,
    0x0, 0xb0, 0x0, 0x0, 0x0, 0x0, 0xb0, 0x0,
    0x0, 0x0, 0x0, 0xb0, 0x0, 0x0, 0x0, 0x0,
    0xbb, 0x40, 0x0, 0x0, 0x0, 0xbb, 0xf0, 0x0,
    0x0, 0x0, 0xb0, 0xbe, 0x0, 0x0, 0x0, 0xb0,
    0x1f, 0xc0, 0x0, 0x0, 0xb0, 0x2, 0xf4, 0x0,
    0x0, 0xb0, 0x0, 0x70, 0x0, 0x0, 0xb0, 0x0,
    0x0, 0x0, 0x0, 0xb0, 0x0, 0x0, 0x0, 0x0,
    0xb0, 0x0, 0x0, 0x0, 0x0, 0xb0, 0x0, 0x0,
    0x0, 0x0, 0xb0, 0x0, 0x0, 0x0, 0x0, 0xb0,
    0x0, 0x0, 0x0, 0x0, 0xb0, 0x0, 0x0,

    /* U+4E2D "中" */
    0x0, 0x0, 0x50, 0x0, 0x0, 0x0, 0xe, 0x0,
    0x0, 0x0, 0x0, 0xe0, 0x0, 0x0, 0x0, 0xe,
    0x0, 0x0, 0x15, 0x55, 0xf5, 0x55, 0x4b, 0xff,
    0xff, 0xff, 0xfc, 0xb0, 0x0, 0xe0, 0x2, 0xcb,
    0x0, 0xe, 0x0, 0x2c, 0xb0, 0x0, 0xe0, 0x2,
    0xcb, 0x0, 0xe, 0x0, 0x2c, 0xb0, 0x0, 0xe0,
    0x2, 0xcb, 0xff, 0xff, 0xff, 0xfc, 0xb5, 0x55,
    0xf5, 0x56, 0xc6, 0x0, 0xe, 0x0, 0x18, 0x0,
    0x0, 0xe0, 0x0, 0x0, 0x0, 0xe, 0x0, 0x0,
    0x0, 0x0, 0xe0, 0x0, 0x0, 0x0, 0xe, 0x0,
    0x0, 0x0, 0x0, 0xe0, 0x0, 0x0, 0x0, 0xe,
    0x0, 0x0,

    /* U+4EAE "亮" */
    0x0, 0x0, 0x30, 0x0, 0x0, 0x0, 0x0, 0x38,
    0x0, 0x0, 0x3f, 0xff, 0xff, 0xff, 0xfc, 0x15,
    0x55, 0x55, 0x55, 0x54, 0x0, 0x0, 0x0, 0x0,
    0x0, 0x0, 0xff, 0xff, 0xff, 0x0, 0x0, 0xc0,
    0x0, 0x7, 0x0, 0x0, 0xd5, 0x55, 0x57, 0x0,
    0x0, 0xff, 0xff, 0xff, 0x0, 0x0, 0x40, 0x0,
    0x1, 0x0, 0x3f, 0xff, 0xff, 0xff, 0xfc, 0x3d,
    0x55, 0x55, 0x55, 0x7c, 0x38, 0x0, 0x0, 0x0,
    0x2c, 0x0, 0x1f, 0xff, 0xf0, 0x0, 0x0, 0x1d,
    0x0, 0xb0, 0x0, 0x0, 0x2c, 0x0, 0xb0, 0xe,
    0x0, 0x78, 0x0, 0xb0, 0xe, 0x6, 0xf0, 0x0,
    0x79, 0x6d, 0x7f, 0x40, 0x0, 0x2f, 0xf8, 0x10,
    0x0, 0x0, 0x0, 0x0,

    /* U+4EF6 "件" */
    0x0, 0x0, 0x0, 0x0, 0x0, 0x0, 0xb0, 0x0,
    0x34, 0x0, 0x0, 0xe0, 0x20, 0x34, 0x0, 0x1,
    0xd0, 0xb0, 0x34, 0x0, 0x2, 0xc0, 0xf0, 0x34,
    0x0, 0x3, 0x80, 0xff, 0xff, 0xfc, 0xb, 0x82,
    0xd5, 0x79, 0x54, 0xf, 0x83, 0x80, 0x34, 0x0,
    0x2f, 0x8b, 0x40, 0x34, 0x0, 0x3b, 0x8b, 0x0,
    0x34, 0x0, 0xb3, 0x80, 0x0, 0x34, 0x0, 0x53,
    0x85, 0x55, 0xb9, 0x55, 0x3, 0x8f, 0xff, 0xff,
    0xfe, 0x3, 0x80, 0x0, 0x34, 0x0, 0x3, 0x80,
    0x0, 0x34, 0x0, 0x3, 0x80, 0x0, 0x34, 0x0,
    0x3, 0x80, 0x0, 0x34, 0x0, 0x3, 0x80, 0x0,
    0x34, 0x0, 0x3, 0x80, 0x0, 0x34, 0x0, 0x3,
    0x80, 0x0, 0x34, 0x0, 0x0, 0x0, 0x0, 0x0,
    0x0,

    /* U+4EFB "任" */
    0x0, 0x10, 0x0, 0x0, 0x0, 0x0, 0xb0, 0x0,
    0x5, 0x64, 0x0, 0xe3, 0xff, 0xff, 0xf8, 0x1,
    0xd2, 0xa9, 0xf0, 0x0, 0x3, 0xc0, 0x0, 0xf0,
    0x0, 0x3, 0x80, 0x0, 0xf0, 0x0, 0xf, 0x80,
    0x0, 0xf0, 0x0, 0x1f, 0x80, 0x0, 0xf0, 0x0,
    0x3f, 0x80, 0x0, 0xf0, 0x0, 0xb7, 0x86, 0xaa,
    0xfa, 0xa9, 0xa3, 0x8f, 0xff, 0xff, 0xfd, 0x3,
    0x80, 0x0, 0xf0, 0x0, 0x3, 0x80, 0x0, 0xf0,
    0x0, 0x3, 0x80, 0x0, 0xf0, 0x0, 0x3, 0x80,
    0x0, 0xf0, 0x0, 0x3, 0x80, 0x0, 0xf0, 0x0,
    0x3, 0x80, 0x0, 0xf0, 0x0, 0x3, 0x8b, 0xff,
    0xff, 0xfc, 0x3, 0x85, 0x55, 0x55, 0x54, 0x3,
    0x80, 0x0, 0x0, 0x0,

    /* U+4F4E "低" */
    0x0, 0x10, 0x0, 0x0, 0x0, 0x0, 0xb0, 0x0,
    0x16, 0xa8, 0x0, 0xe3, 0xff, 0xff, 0xf8, 0x1,
    0xc3, 0x90, 0xb0, 0x0, 0x3, 0x83, 0x80, 0x70,
    0x0, 0x7, 0x3, 0x80, 0x70, 0x0, 0xf, 0x3,
    0x80, 0x70, 0x0, 0x2f, 0x3, 0x80, 0x30, 0x0,
    0x3f, 0x3, 0xff, 0xff, 0xfd, 0xf7, 0x3, 0xd5,
    0x79, 0x54, 0x47, 0x3, 0x80, 0x34, 0x0, 0x7,
    0x3, 0x80, 0x38, 0x0, 0x7, 0x3, 0x80, 0x2c,
    0x0, 0x7, 0x3, 0x80, 0x1c, 0x0, 0x7, 0x3,
    0x81, 0x4d, 0x9, 0x7, 0x3, 0x9f, 0x4f, 0xa,
    0x7, 0x3, 0xf9, 0x7, 0x4e, 0x7, 0x7, 0xd2,
    0xc2, 0xed, 0x7, 0x1, 0x0, 0xf0, 0xbc, 0x7,
    0x0, 0x0, 0x50, 0x0, 0x0, 0x0, 0x0, 0x0,
    0x0,

    /* U+4F53 "体" */
    0x0, 0x0, 0x0, 0x0, 0x0, 0x0, 0xe0, 0x2,
    0xc0, 0x0, 0x0, 0xd0, 0x2, 0xc0, 0x0, 0x1,
    0xc0, 0x2, 0xc0, 0x0, 0x3, 0x95, 0x57, 0xd5,
    0x54, 0x7, 0x2f, 0xff, 0xff, 0xfc, 0xf, 0x0,
    0xf, 0xf4, 0x0, 0x1f, 0x0, 0x2e, 0xe8, 0x0,
    0x3f, 0x0, 0x36, 0xdc, 0x0, 0xb7, 0x0, 0xb2,
    0xce, 0x0, 0x97, 0x0, 0xe2, 0xcb, 0x0, 0x7,
    0x2, 0xc2, 0xc3, 0x80, 0x7, 0x7, 0x82, 0xc2,
    0xe0, 0x7, 0xf, 0x2, 0xc0, 0xf4, 0x7, 0x7c,
    0x7f, 0xfe, 0x3d, 0x7, 0x70, 0x17, 0xd5, 0xc,
    0x7, 0x0, 0x2, 0xc0, 0x0, 0x7, 0x0, 0x2,
    0xc0, 0x0, 0x7, 0x0, 0x2, 0xc0, 0x0, 0x7,
    0x0, 0x2, 0xc0, 0x0,

    /* U+4FE1 "信" */
    0x0, 0x50, 0x0, 0x40, 0x0, 0x0, 0xf0, 0x2,
    0xc0, 0x0, 0x0, 0xe0, 0x0, 0xe0, 0x0, 0x1,
    0xcf, 0xff, 0xff, 0xfe, 0x3, 0x85, 0x55, 0x55,
    0x55, 0x7, 0x40, 0x0, 0x0, 0x0, 0xf, 0x3,
    0xff, 0xff, 0xf4, 0x1f, 0x1, 0x55, 0x55, 0x50,
    0x3f, 0x0, 0x0, 0x0, 0x0, 0x77, 0x1, 0x55,
    0x55, 0x50, 0xa3, 0x3, 0xff, 0xff, 0xf4, 0x3,
    0x0, 0x0, 0x0, 0x0, 0x3, 0x1, 0x55, 0x55,
    0x50, 0x3, 0x3, 0xff, 0xff, 0xf4, 0x3, 0x3,
    0x80, 0x0, 0x34, 0x3, 0x3, 0x80, 0x0, 0x34,
    0x3, 0x3, 0x80, 0x0, 0x34, 0x3, 0x3, 0xff,
    0xff, 0xf4, 0x3, 0x3, 0xd5, 0x55, 0x74, 0x3,
    0x3, 0x80, 0x0, 0x34,

    /* U+50A8 "储" */
    0x1, 0x80, 0x0, 0x20, 0x0, 0x2, 0xc9, 0x0,
    0x70, 0x0, 0x3, 0x8f, 0x0, 0x70, 0xc, 0x3,
    0x43, 0x4f, 0xff, 0xfc, 0x7, 0x3, 0x80, 0xb0,
    0xb0, 0xf, 0x0, 0x0, 0x71, 0xd0, 0xf, 0x0,
    0x0, 0x73, 0x80, 0x2f, 0x7f, 0x3f, 0xff, 0xff,
    0x3f, 0xb, 0x0, 0x7c, 0x0, 0xb7, 0x7, 0x1,
    0xe0, 0x0, 0x97, 0x7, 0xb, 0xff, 0xf4, 0x7,
    0x7, 0x7f, 0x80, 0x34, 0x7, 0x7, 0x13, 0x80,
    0x34, 0x7, 0x7, 0x3, 0xff, 0xf4, 0x7, 0x7,
    0x23, 0x95, 0x74, 0x7, 0x7, 0xf3, 0x80, 0x34,
    0x7, 0xb, 0xc3, 0x80, 0x34, 0x7, 0xa, 0x3,
    0xff, 0xf4, 0x7, 0x0, 0x3, 0x80, 0x34, 0x0,
    0x0, 0x0, 0x0, 0x0,

    /* U+5145 "充" */
    0x0, 0x0, 0x14, 0x0, 0x0, 0x0, 0x0, 0x3c,
    0x0, 0x0, 0x0, 0x0, 0xd, 0x0, 0x0, 0x3f,
    0xff, 0xff, 0xff, 0xfe, 0x15, 0x57, 0xf5, 0x55,
    0x55, 0x0, 0x3, 0xc0, 0x0, 0x0, 0x0, 0xf,
    0x0, 0x3c, 0x0, 0x0, 0x3c, 0x0, 0xf, 0x0,
    0x0, 0xf0, 0x0, 0x7, 0x80, 0xb, 0xff, 0xff,
    0xff, 0xe0, 0x3, 0xab, 0x96, 0xe5, 0xb4, 0x0,
    0x7, 0x40, 0xd0, 0x20, 0x0, 0x7, 0x0, 0xd0,
    0x0, 0x0, 0xf, 0x0, 0xd0, 0x0, 0x0, 0xe,
    0x0, 0xd0, 0x9, 0x0, 0x3c, 0x0, 0xd0, 0xf,
    0x1, 0xf4, 0x0, 0xd0, 0xe, 0x1f, 0xd0, 0x0,
    0xf5, 0x6d, 0x3e, 0x0, 0x0, 0x7f, 0xf8, 0x0,
    0x0, 0x0, 0x0, 0x0,

    /* U+5168 "全" */
    0x0, 0x0, 0x14, 0x0, 0x0, 0x0, 0x0, 0x7d,
    0x0, 0x0, 0x0, 0x0, 0xfb, 0x40, 0x0, 0x0,
    0x7, 0xc3, 0xd0, 0x0, 0x0, 0x1f, 0x0, 0xf4,
    0x0, 0x0, 0xbc, 0x0, 0x2e, 0x0, 0x7, 0xe0,
    0x0, 0xb, 0xe0, 0x3f, 0x40, 0x0, 0x0, 0xfd,
    0x79, 0xff, 0xff, 0xff, 0x9c, 0x0, 0x55, 0x7d,
    0x55, 0x0, 0x0, 0x0, 0x3c, 0x0, 0x0, 0x0,
    0x0, 0x3c, 0x0, 0x0, 0x1, 0x55, 0x7d, 0x55,
    0x40, 0x3, 0xff, 0xff, 0xff, 0xc0, 0x0, 0x0,
    0x3c, 0x0, 0x0, 0x0, 0x0, 0x3c, 0x0, 0x0,
    0x0, 0x0, 0x3c, 0x0, 0x0, 0x15, 0x55, 0x7d,
    0x55, 0x54, 0x3f, 0xff, 0xff, 0xff, 0xfc,

    /* U+5173 "关" */
    0x0, 0x0, 0x0, 0x4, 0x0, 0x0, 0xf0, 0x0,
    0x2d, 0x0, 0x0, 0x7c, 0x0, 0x78, 0x0, 0x0,
    0x1e, 0x0, 0xf0, 0x0, 0xa, 0xae, 0xaa, 0xea,
    0xa0, 0xf, 0xff, 0xff, 0xff, 0xf0, 0x0, 0x0,
    0x38, 0x0, 0x0, 0x0, 0x0, 0x38, 0x0, 0x0,
    0x0, 0x0, 0x38, 0x0, 0x0, 0x15, 0x55, 0x7d,
    0x55, 0x54, 0x3f, 0xff, 0xff, 0xff, 0xfd, 0x0,
    0x0, 0x7d, 0x0, 0x0, 0x0, 0x0, 0xff, 0x0,
    0x0, 0x0, 0x1, 0xd7, 0x80, 0x0, 0x0, 0x7,
    0xc2, 0xe0, 0x0, 0x0, 0x1f, 0x0, 0xb8, 0x0,
    0x0, 0xbc, 0x0, 0x2f, 0x40, 0xb, 0xe0, 0x0,
    0x7, 0xf8, 0x7f, 0x0, 0x0, 0x0, 0xbc, 0x10,
    0x0, 0x0, 0x0, 0x0,

    /* U+51FA "出" */
    0x0, 0x0, 0x50, 0x0, 0x0, 0x0, 0xf, 0x0,
    0x0, 0x18, 0x0, 0xf0, 0x2, 0x42, 0xc0, 0xf,
    0x0, 0x38, 0x2c, 0x0, 0xf0, 0x3, 0x82, 0xc0,
    0xf, 0x0, 0x38, 0x2c, 0x0, 0xf0, 0x3, 0x82,
    0xc0, 0xf, 0x0, 0x38, 0x2f, 0xff, 0xff, 0xff,
    0x80, 0x55, 0x5f, 0x55, 0x78, 0x0, 0x0, 0xf0,
    0x0, 0x3, 0x40, 0xf, 0x0, 0x1c, 0x38, 0x0,
    0xf0, 0x1, 0xd3, 0x80, 0xf, 0x0, 0x1d, 0x38,
    0x0, 0xf0, 0x1, 0xd3, 0x80, 0xf, 0x0, 0x1d,
    0x38, 0x0, 0xf0, 0x1, 0xd3, 0xff, 0xff, 0xff,
    0xfd, 0x2a, 0xaa, 0xaa, 0xaa, 0xd0,

    /* U+5206 "分" */
    0x0, 0x0, 0x1, 0x40, 0x0, 0x0, 0xb, 0x3,
    0xc0, 0x0, 0x0, 0x1e, 0x1, 0xd0, 0x0, 0x0,
    0x3c, 0x0, 0xf0, 0x0, 0x0, 0xf4, 0x0, 0x3c,
    0x0, 0x2, 0xe0, 0x0, 0x1f, 0x0, 0xb, 0x80,
    0x0, 0x7, 0xc0, 0x3e, 0x0, 0x0, 0x1, 0xf8,
    0xb8, 0x0, 0x0, 0x0, 0x3d, 0x17, 0xff, 0xff,
    0xfe, 0x4, 0x1, 0x5b, 0x55, 0x5e, 0x0, 0x0,
    0xb, 0x0, 0xe, 0x0, 0x0, 0xf, 0x0, 0xe,
    0x0, 0x0, 0xe, 0x0, 0xe, 0x0, 0x0, 0x2d,
    0x0, 0xd, 0x0, 0x0, 0x3c, 0x0, 0xd, 0x0,
    0x0, 0xf0, 0x0, 0x1c, 0x0, 0xb, 0xd0, 0x69,
    0xbc, 0x0, 0x3f, 0x0, 0x7f, 0xe0, 0x0, 0x14,
    0x0, 0x0, 0x0, 0x0,

    /* U+5236 "制" */
    0x0, 0x0, 0x0, 0x0, 0x0, 0x14, 0x74, 0x0,
    0x0, 0xd0, 0xe1, 0xd0, 0x2, 0x83, 0x43, 0xef,
    0xea, 0x4e, 0xd, 0x2e, 0xbf, 0xa9, 0x38, 0x35,
    0xd0, 0x74, 0x0, 0xe0, 0xd2, 0x1, 0xd0, 0x3,
    0x83, 0x6a, 0xaf, 0xea, 0x9e, 0xd, 0xaa, 0xbf,
    0xaa, 0x38, 0x34, 0x0, 0x74, 0x0, 0xe0, 0xd0,
    0x1, 0xd0, 0x3, 0x83, 0x47, 0xff, 0xff, 0x8e,
    0xd, 0x1c, 0x1d, 0xe, 0x38, 0x34, 0x70, 0x74,
    0x38, 0xe0, 0xd1, 0xc1, 0xd0, 0xe0, 0x3, 0x47,
    0x7, 0x43, 0x80, 0xd, 0x1c, 0x1d, 0x5d, 0x0,
    0x34, 0x70, 0x77, 0xe0, 0x6b, 0xd0, 0x1, 0xd0,
    0x2, 0xfe, 0x0, 0x7, 0x40, 0x0, 0x0,

    /* U+52A1 "务" */
    0x0, 0x18, 0x0, 0x0, 0x0, 0x0, 0x3c, 0x0,
    0x0, 0x0, 0x0, 0xbf, 0xff, 0xff, 0xc0, 0x2,
    0xf9, 0x55, 0x5b, 0xc0, 0xb, 0x5d, 0x0, 0x2f,
    0x0, 0x2e, 0x7, 0x81, 0xf8, 0x0, 0x34, 0x1,
    0xff, 0xd0, 0x0, 0x0, 0x2, 0xff, 0xd0, 0x0,
    0x1, 0xbf, 0x92, 0xff, 0xe9, 0xbf, 0xe4, 0x80,
    0xb, 0xfd, 0x64, 0x1, 0xc0, 0x0, 0x4, 0x5,
    0x56, 0xd5, 0x55, 0x40, 0xf, 0xff, 0xff, 0xff,
    0xc0, 0x0, 0x3, 0x80, 0x2, 0xc0, 0x0, 0x7,
    0x40, 0x3, 0xc0, 0x0, 0x1e, 0x0, 0x3, 0x80,
    0x0, 0xbc, 0x0, 0x3, 0x80, 0x7, 0xe0, 0x1a,
    0x5f, 0x0, 0x3f, 0x40, 0xf, 0xfd, 0x0, 0x10,
    0x0, 0x0, 0x0, 0x0,

    /* U+52A8 "动" */
    0x0, 0x0, 0x0, 0x60, 0x0, 0x0, 0x0, 0x0,
    0xb0, 0x0, 0x2f, 0xff, 0xc0, 0xb0, 0x0, 0x1a,
    0xaa, 0x80, 0xb0, 0x0, 0x0, 0x0, 0x1a, 0xfa,
    0xa8, 0x0, 0x0, 0x2f, 0xff, 0xfc, 0x0, 0x0,
    0x0, 0xb0, 0x1c, 0x15, 0x55, 0x50, 0xb0, 0x1c,
    0xbf, 0xff, 0xf0, 0xf0, 0x2c, 0x1, 0xc0, 0x0,
    0xe0, 0x2c, 0x3, 0xc0, 0x0, 0xe0, 0x2c, 0x3,
    0x45, 0x0, 0xd0, 0x2c, 0xb, 0xb, 0x2, 0xc0,
    0x2c, 0xd, 0x3, 0x43, 0xc0, 0x2c, 0x2c, 0x3,
    0xc7, 0x80, 0x2c, 0x7e, 0xff, 0xdf, 0x0, 0x3c,
    0x3e, 0xa5, 0xee, 0x0, 0x38, 0x0, 0x0, 0x7c,
    0x1a, 0xf4, 0x0, 0x0, 0xf0, 0x1f, 0xe0, 0x0,
    0x0, 0x10, 0x0, 0x0,

    /* U+5355 "单" */
    0x0, 0x10, 0x0, 0x0, 0x0, 0x0, 0xb4, 0x0,
    0x3c, 0x0, 0x0, 0x3d, 0x0, 0xb4, 0x0, 0x5,
    0x5e, 0x55, 0xf5, 0x40, 0xf, 0xff, 0xff, 0xff,
    0xd0, 0xe, 0x0, 0x38, 0x0, 0xd0, 0xe, 0x0,
    0x38, 0x0, 0xd0, 0xf, 0xff, 0xff, 0xff, 0xd0,
    0xe, 0x55, 0x79, 0x55, 0xd0, 0xe, 0x0, 0x38,
    0x0, 0xd0, 0xf, 0x55, 0x79, 0x55, 0xd0, 0xf,
    0xff, 0xff, 0xff, 0xd0, 0xe, 0x0, 0x38, 0x0,
    0xd0, 0x0, 0x0, 0x38, 0x0, 0x0, 0xff, 0xff,
    0xff, 0xff, 0xfd, 0x55, 0x55, 0x7d, 0x55, 0x54,
    0x0, 0x0, 0x38, 0x0, 0x0, 0x0, 0x0, 0x38,
    0x0, 0x0, 0x0, 0x0, 0x38, 0x0, 0x0, 0x0,
    0x0, 0x38, 0x0, 0x0,

    /* U+5382 "厂" */
    0x0, 0x0, 0x0, 0x0, 0x0, 0x3, 0xff, 0xff,
    0xff, 0xfd, 0x3, 0xea, 0xaa, 0xaa, 0xa8, 0x3,
    0xc0, 0x0, 0x0, 0x0, 0x3, 0xc0, 0x0, 0x0,
    0x0, 0x3, 0xc0, 0x0, 0x0, 0x0, 0x3, 0xc0,
    0x0, 0x0, 0x0, 0x3, 0xc0, 0x0, 0x0, 0x0,
    0x3, 0xc0, 0x0, 0x0, 0x0, 0x3, 0xc0, 0x0,
    0x0, 0x0, 0x3, 0xc0, 0x0, 0x0, 0x0, 0x3,
    0x80, 0x0, 0x0, 0x0, 0x3, 0x80, 0x0, 0x0,
    0x0, 0x7, 0x40, 0x0, 0x0, 0x0, 0xf, 0x0,
    0x0, 0x0, 0x0, 0x1e, 0x0, 0x0, 0x0, 0x0,
    0x3c, 0x0, 0x0, 0x0, 0x0, 0x74, 0x0, 0x0,
    0x0, 0x0, 0x0, 0x0, 0x0, 0x0, 0x0,

    /* U+538B "压" */
    0x0, 0x0, 0x0, 0x0, 0x0, 0xb, 0xff, 0xff,
    0xff, 0xfd, 0xb, 0x55, 0x55, 0x55, 0x54, 0xb,
    0x0, 0x2, 0x80, 0x0, 0xb, 0x0, 0x3, 0x80,
    0x0, 0xb, 0x0, 0x3, 0x80, 0x0, 0xb, 0x0,
    0x3, 0x80, 0x0, 0xb, 0x5, 0x57, 0xd5, 0x54,
    0xb, 0x1f, 0xff, 0xff, 0xfc, 0xb, 0x0, 0x3,
    0xc0, 0x0, 0xb, 0x0, 0x3, 0x81, 0x0, 0xb,
    0x0, 0x3, 0x87, 0x80, 0xf, 0x0, 0x3, 0x82,
    0xd0, 0xe, 0x0, 0x3, 0x80, 0xb0, 0x1d, 0x0,
    0x3, 0x80, 0x0, 0x3c, 0x0, 0x3, 0x80, 0x0,
    0x78, 0xff, 0xff, 0xff, 0xfe, 0xb0, 0x55, 0x55,
    0x55, 0x54, 0x0, 0x0, 0x0, 0x0, 0x0,

    /* U+542F "启" */
    0x0, 0x0, 0x24, 0x0, 0x0, 0x0, 0x0, 0xf0,
    0x0, 0x0, 0x15, 0x56, 0xe5, 0x55, 0x2, 0xff,
    0xff, 0xff, 0xfe, 0xb, 0x0, 0x0, 0x0, 0x38,
    0x2c, 0x0, 0x0, 0x0, 0xe0, 0xb0, 0x0, 0x0,
    0x3, 0x82, 0xff, 0xff, 0xff, 0xfe, 0xb, 0x55,
    0x55, 0x55, 0x78, 0x2c, 0x0, 0x0, 0x0, 0x0,
    0xb0, 0x0, 0x0, 0x0, 0x2, 0xcb, 0xff, 0xff,
    0xfd, 0xf, 0x2d, 0x55, 0x55, 0xb4, 0x38, 0xb0,
    0x0, 0x0, 0xd0, 0xe2, 0xc0, 0x0, 0x3, 0x47,
    0x4b, 0x0, 0x0, 0xd, 0x2c, 0x2c, 0x0, 0x0,
    0x34, 0xe0, 0xbf, 0xff, 0xff, 0xdb, 0x42, 0xd5,
    0x55, 0x57, 0x48, 0xb, 0x0, 0x0, 0xd, 0x0,
    0x0, 0x0, 0x0, 0x0,

    /* U+56DE "回" */
    0x55, 0x55, 0x55, 0x55, 0x5b, 0xff, 0xff, 0xff,
    0xfe, 0xb0, 0x0, 0x0, 0x0, 0xeb, 0x0, 0x0,
    0x0, 0xe, 0xb0, 0x0, 0x0, 0x0, 0xeb, 0x3,
    0xff, 0xfc, 0xe, 0xb0, 0x39, 0x56, 0xc0, 0xeb,
    0x3, 0x40, 0x1c, 0xe, 0xb0, 0x34, 0x1, 0xc0,
    0xeb, 0x3, 0x40, 0x1c, 0xe, 0xb0, 0x34, 0x1,
    0xc0, 0xeb, 0x3, 0xff, 0xfc, 0xe, 0xb0, 0x39,
    0x56, 0xc0, 0xeb, 0x2, 0x0, 0x8, 0xe, 0xb0,
    0x0, 0x0, 0x0, 0xeb, 0x40, 0x0, 0x0, 0x1e,
    0xbf, 0xff, 0xff, 0xff, 0xeb, 0x40, 0x0, 0x0,
    0x1e,

    /* U+578B "型" */
    0x0, 0x0, 0x0, 0x0, 0x0, 0x15, 0x55, 0x54,
    0x0, 0x70, 0x3f, 0xff, 0xfc, 0x70, 0x70, 0x3,
    0x81, 0xc0, 0x70, 0x70, 0x3, 0x81, 0xc0, 0x70,
    0x70, 0x3, 0x81, 0xc0, 0x70, 0x70, 0xbf, 0xff,
    0xfe, 0x70, 0x70, 0x57, 0x96, 0xe5, 0x70, 0x70,
    0x3, 0x41, 0xc0, 0x20, 0x70, 0xb, 0x1, 0xc0,
    0x0, 0x70, 0x2d, 0x1, 0xc0, 0x1a, 0xf0, 0x38,
    0x0, 0x80, 0x2f, 0xd0, 0x0, 0x0, 0x34, 0x0,
    0x0, 0x5, 0x55, 0x79, 0x55, 0x50, 0xf, 0xff,
    0xff, 0xff, 0xe0, 0x0, 0x0, 0x34, 0x0, 0x0,
    0x0, 0x0, 0x34, 0x0, 0x0, 0x55, 0x55, 0x79,
    0x55, 0x54, 0xbf, 0xff, 0xff, 0xff, 0xfd,

    /* U+58F0 "声" */
    0x0, 0x0, 0x8, 0x0, 0x0, 0x0, 0x0, 0x1c,
    0x0, 0x0, 0x15, 0x55, 0x6e, 0x55, 0x55, 0x3f,
    0xff, 0xff, 0xff, 0xff, 0x0, 0x0, 0x1c, 0x0,
    0x0, 0x1, 0x55, 0x6d, 0x55, 0x50, 0x7, 0xff,
    0xff, 0xff, 0xf4, 0x0, 0x0, 0x0, 0x0, 0x0,
    0x1, 0x55, 0x55, 0x55, 0x40, 0x3, 0xff, 0xff,
    0xff, 0xe0, 0x3, 0x80, 0x1c, 0x0, 0xe0, 0x3,
    0x80, 0x1c, 0x0, 0xe0, 0x3, 0xc0, 0x1d, 0x0,
    0xe0, 0x3, 0xff, 0xff, 0xff, 0xe0, 0x3, 0x80,
    0x0, 0x0, 0xe0, 0x7, 0x40, 0x0, 0x0, 0x0,
    0xf, 0x0, 0x0, 0x0, 0x0, 0x2d, 0x0, 0x0,
    0x0, 0x0, 0x78, 0x0, 0x0, 0x0, 0x0, 0x10,
    0x0, 0x0, 0x0, 0x0,

    /* U+590D "复" */
    0x0, 0x60, 0x0, 0x0, 0x0, 0x0, 0xf0, 0x0,
    0x0, 0x0, 0x2, 0xff, 0xff, 0xff, 0xfc, 0xb,
    0x40, 0x0, 0x0, 0x0, 0x1f, 0x55, 0x55, 0x55,
    0x40, 0xbb, 0xff, 0xff, 0xff, 0xd0, 0x63, 0x40,
    0x0, 0x0, 0xd0, 0x3, 0xff, 0xff, 0xff, 0xd0,
    0x3, 0x80, 0x0, 0x1, 0xd0, 0x3, 0x40, 0x0,
    0x0, 0xd0, 0x3, 0xff, 0xff, 0xff, 0xd0, 0x3,
    0x85, 0x0, 0x0, 0xd0, 0x0, 0x2d, 0x0, 0x0,
    0x0, 0x0, 0xbf, 0xff, 0xff, 0xd0, 0x3, 0xfc,
    0x0, 0xb, 0x80, 0x2e, 0xb, 0x80, 0xbd, 0x0,
    0xb4, 0x0, 0xff, 0xd0, 0x0, 0x0, 0x1a, 0xfb,
    0xf9, 0x40, 0x1b, 0xfe, 0x40, 0x6f, 0xfd, 0xa,
    0x40, 0x0, 0x0, 0x14,

    /* U+59CB "始" */
    0x1, 0x40, 0x0, 0x50, 0x0, 0x3, 0xc0, 0x0,
    0xe0, 0x0, 0x3, 0x80, 0x2, 0xc0, 0x0, 0x3,
    0x40, 0x3, 0x81, 0x80, 0x1b, 0x95, 0xb, 0x1,
    0xd0, 0xbf, 0xff, 0xd, 0x0, 0xf0, 0xb, 0xb,
    0x3c, 0x1, 0xb8, 0xe, 0xa, 0xbf, 0xff, 0xfc,
    0xe, 0xe, 0x69, 0x50, 0x1e, 0xd, 0xd, 0x0,
    0x0, 0x9, 0x1c, 0x1c, 0x0, 0x0, 0x0, 0x2c,
    0x2c, 0x3f, 0xff, 0xf4, 0xf, 0x38, 0x38, 0x0,
    0x34, 0x3, 0xf0, 0x38, 0x0, 0x34, 0x0, 0xf4,
    0x38, 0x0, 0x34, 0x3, 0xfe, 0x38, 0x0, 0x34,
    0xb, 0x4f, 0x38, 0x0, 0x34, 0x3e, 0x1, 0x3f,
    0xff, 0xf4, 0x78, 0x0, 0x38, 0x0, 0x74, 0x10,
    0x0, 0x38, 0x0, 0x34, 0x0, 0x0, 0x0, 0x0,
    0x0,

    /* U+5B50 "子" */
    0x2, 0xaa, 0xaa, 0xaa, 0x90, 0x7, 0xff, 0xff,
    0xff, 0xf0, 0x0, 0x0, 0x0, 0x7, 0xd0, 0x0,
    0x0, 0x0, 0x2e, 0x0, 0x0, 0x0, 0x1, 0xf4,
    0x0, 0x0, 0x0, 0xb, 0xc0, 0x0, 0x0, 0x0,
    0x1e, 0x0, 0x0, 0x0, 0x0, 0x1d, 0x0, 0x0,
    0x7f, 0xff, 0xff, 0xff, 0xff, 0x2a, 0xaa, 0xae,
    0xaa, 0xa9, 0x0, 0x0, 0x1d, 0x0, 0x0, 0x0,
    0x0, 0x1d, 0x0, 0x0, 0x0, 0x0, 0x1d, 0x0,
    0x0, 0x0, 0x0, 0x1d, 0x0, 0x0, 0x0, 0x0,
    0x1d, 0x0, 0x0, 0x0, 0x0, 0x1d, 0x0, 0x0,
    0x0, 0x1a, 0xbc, 0x0, 0x0, 0x0, 0x2f, 0xf4,
    0x0, 0x0, 0x0, 0x0, 0x0, 0x0, 0x0,

    /* U+5B58 "存" */
    0x0, 0x2, 0x0, 0x0, 0x0, 0x0, 0x7, 0x40,
    0x0, 0x0, 0x15, 0x5f, 0x95, 0x55, 0x55, 0x3f,
    0xff, 0xff, 0xff, 0xff, 0x0, 0x2c, 0x0, 0x0,
    0x0, 0x0, 0x38, 0x0, 0x0, 0x0, 0x0, 0xb2,
    0xff, 0xff, 0xf8, 0x0, 0xe1, 0x55, 0x56, 0xf4,
    0x2, 0xc0, 0x0, 0x3, 0xd0, 0x7, 0xc0, 0x0,
    0x1f, 0x40, 0xf, 0xc0, 0x0, 0x78, 0x0, 0x3e,
    0xc5, 0x55, 0xb9, 0x55, 0x75, 0xcf, 0xff, 0xff,
    0xff, 0x11, 0xc0, 0x0, 0x70, 0x0, 0x1, 0xc0,
    0x0, 0x70, 0x0, 0x1, 0xc0, 0x0, 0x70, 0x0,
    0x1, 0xc0, 0x0, 0x70, 0x0, 0x1, 0xc0, 0x0,
    0x70, 0x0, 0x1, 0xc0, 0x2a, 0xf0, 0x0, 0x1,
    0xc0, 0x3f, 0xd0, 0x0,

    /* U+5B8C "完" */
    0x0, 0x0, 0x20, 0x0, 0x0, 0x0, 0x0, 0x78,
    0x0, 0x0, 0x0, 0x0, 0x3c, 0x0, 0x0, 0x3f,
    0xff, 0xff, 0xff, 0xfc, 0x38, 0x0, 0x0, 0x0,
    0x2c, 0x38, 0x0, 0x0, 0x0, 0x2c, 0x14, 0x0,
    0x0, 0x0, 0x14, 0x2, 0xff, 0xff, 0xff, 0xc0,
    0x0, 0x0, 0x0, 0x0, 0x0, 0x0, 0x0, 0x0,
    0x0, 0x0, 0x0, 0x0, 0x0, 0x0, 0x0, 0x3f,
    0xff, 0xff, 0xff, 0xfc, 0x15, 0x5f, 0x57, 0xd5,
    0x54, 0x0, 0xe, 0x2, 0xc0, 0x0, 0x0, 0x1d,
    0x2, 0xc0, 0x8, 0x0, 0x3c, 0x2, 0xc0, 0xe,
    0x0, 0xf4, 0x2, 0xc0, 0x1d, 0x1b, 0xd0, 0x2,
    0xe5, 0x7c, 0x7e, 0x0, 0x0, 0xbf, 0xf8, 0x10,
    0x0, 0x0, 0x0, 0x0,

    /* U+5B9A "定" */
    0x0, 0x0, 0x10, 0x0, 0x0, 0x0, 0x0, 0x7c,
    0x0, 0x0, 0x5, 0x55, 0x6d, 0x55, 0x50, 0x3f,
    0xff, 0xff, 0xff, 0xf8, 0x3c, 0x0, 0x0, 0x0,
    0x38, 0x3c, 0x0, 0x0, 0x0, 0x38, 0x14, 0x0,
    0x0, 0x0, 0x14, 0x2a, 0xaa, 0xaa, 0xaa, 0xa8,
    0x7f, 0xff, 0xff, 0xff, 0xfc, 0x0, 0x0, 0x1c,
    0x0, 0x0, 0x0, 0xd0, 0x1c, 0x0, 0x0, 0x1,
    0xc0, 0x1d, 0x0, 0x0, 0x2, 0xc0, 0x1f, 0xff,
    0xf0, 0x3, 0xc0, 0x1d, 0x55, 0x50, 0x3, 0xd0,
    0x1c, 0x0, 0x0, 0xf, 0xf0, 0x1c, 0x0, 0x0,
    0x1e, 0x3d, 0x1c, 0x0, 0x0, 0x7c, 0xf, 0xfe,
    0xaa, 0xa9, 0xb0, 0x1, 0xbf, 0xff, 0xfc, 0x10,
    0x0, 0x0, 0x0, 0x0,

    /* U+5BB9 "容" */
    0x0, 0x0, 0x10, 0x0, 0x0, 0x0, 0x0, 0x74,
    0x0, 0x0, 0x15, 0x55, 0x7d, 0x55, 0x50, 0x3f,
    0xff, 0xff, 0xff, 0xf8, 0x38, 0x0, 0x0, 0x0,
    0x38, 0x38, 0xa, 0x0, 0xd0, 0x38, 0x0, 0x7e,
    0x0, 0xbd, 0x0, 0x7, 0xf0, 0x78, 0xf, 0xd0,
    0x1f, 0x41, 0xfe, 0x1, 0xf0, 0x4, 0xb, 0x87,
    0xc0, 0x0, 0x0, 0x3e, 0x1, 0xf8, 0x0, 0x2,
    0xf4, 0x0, 0x2f, 0x80, 0x2f, 0xd5, 0x55, 0x5b,
    0xfc, 0xbe, 0xff, 0xff, 0xff, 0x6c, 0x11, 0xc0,
    0x0, 0xb, 0x0, 0x1, 0xc0, 0x0, 0x7, 0x0,
    0x1, 0xc0, 0x0, 0x7, 0x0, 0x1, 0xd5, 0x55,
    0x5b, 0x0, 0x1, 0xff, 0xff, 0xff, 0x0, 0x1,
    0xc0, 0x0, 0x7, 0x0,

    /* U+5C40 "局" */
    0x1, 0x55, 0x55, 0x55, 0x50, 0x1f, 0xff, 0xff,
    0xff, 0x80, 0x70, 0x0, 0x0, 0xe, 0x1, 0xc0,
    0x0, 0x0, 0x38, 0x7, 0xff, 0xff, 0xff, 0xe0,
    0x1d, 0x55, 0x55, 0x57, 0x80, 0x70, 0x0, 0x0,
    0x0, 0x1, 0xff, 0xff, 0xff, 0xfe, 0x7, 0x55,
    0x55, 0x55, 0x78, 0x2c, 0x0, 0x0, 0x0, 0xd0,
    0xb0, 0xff, 0xff, 0x43, 0x43, 0xc3, 0x95, 0x5d,
    0xd, 0xe, 0xd, 0x0, 0x34, 0x34, 0x34, 0x38,
    0x0, 0xd0, 0xd2, 0xc0, 0xff, 0xff, 0x47, 0x4f,
    0x3, 0x40, 0x0, 0x2c, 0xb4, 0x0, 0x2, 0xa6,
    0xf0, 0x80, 0x0, 0xb, 0xfe, 0x0, 0x0, 0x0,
    0x0, 0x0, 0x0,

    /* U+5C4F "屏" */
    0x1, 0x55, 0x55, 0x55, 0x50, 0xb, 0xff, 0xff,
    0xff, 0xf8, 0xb, 0x0, 0x0, 0x0, 0x38, 0xb,
    0x0, 0x0, 0x0, 0x38, 0xb, 0xff, 0xff, 0xff,
    0xf8, 0xb, 0x1, 0xc0, 0xe, 0x34, 0xb, 0x0,
    0xe0, 0x1d, 0x0, 0xb, 0x0, 0x70, 0x38, 0x0,
    0xb, 0x7f, 0xff, 0xff, 0xf4, 0xb, 0x15, 0xe5,
    0x5d, 0x50, 0xb, 0x0, 0xd0, 0xc, 0x0, 0xb,
    0x0, 0xd0, 0xc, 0x0, 0xf, 0xff, 0xff, 0xff,
    0xfe, 0xe, 0x56, 0xd5, 0x5d, 0x54, 0xd, 0x2,
    0xc0, 0xc, 0x0, 0x2c, 0x3, 0x80, 0xc, 0x0,
    0x38, 0xf, 0x0, 0xc, 0x0, 0xb0, 0x2d, 0x0,
    0xc, 0x0, 0x60, 0x28, 0x0, 0xc, 0x0, 0x0,
    0x0, 0x0, 0x0, 0x0,

    /* U+5E55 "幕" */
    0x0, 0x5, 0x0, 0x50, 0x0, 0x0, 0xb, 0x0,
    0xe0, 0x0, 0x7f, 0xff, 0xff, 0xff, 0xfd, 0x0,
    0xa, 0x0, 0xa0, 0x0, 0x3, 0xff, 0xff, 0xff,
    0xc0, 0x3, 0x80, 0x0, 0x1, 0xc0, 0x3, 0x95,
    0x55, 0x56, 0xc0, 0x3, 0xff, 0xff, 0xff, 0xc0,
    0x3, 0x80, 0x0, 0x1, 0xc0, 0x3, 0xff, 0xff,
    0xff, 0xc0, 0x0, 0x7, 0x40, 0x0, 0x0, 0x3f,
    0xff, 0xff, 0xff, 0xfc, 0x1, 0xf4, 0x38, 0x1e,
    0x0, 0x7, 0xc0, 0x38, 0x7, 0xd0, 0x7e, 0xff,
    0xff, 0xff, 0xbd, 0x60, 0xd0, 0x28, 0x3, 0x8,
    0x0, 0xd0, 0x28, 0x7, 0x0, 0x0, 0xd0, 0x28,
    0xff, 0x0, 0x0, 0x40, 0x28, 0x0, 0x0, 0x0,
    0x0, 0x28, 0x0, 0x0,

    /* U+5EA6 "度" */
    0x0, 0x0, 0x5, 0x0, 0x0, 0x0, 0x0, 0xf,
    0x0, 0x0, 0x5, 0x55, 0x5b, 0x95, 0x55, 0xb,
    0xff, 0xff, 0xff, 0xfe, 0xb, 0x1, 0x80, 0x6,
    0x0, 0xb, 0x2, 0xc0, 0xb, 0x0, 0xb, 0xbf,
    0xff, 0xff, 0xfd, 0xb, 0x2, 0xc0, 0xb, 0x0,
    0xb, 0x2, 0xc0, 0xb, 0x0, 0xb, 0x2, 0xff,
    0xff, 0x0, 0xb, 0x2, 0xd5, 0x5b, 0x0, 0xb,
    0x0, 0x0, 0x0, 0x0, 0xf, 0x3f, 0xff, 0xff,
    0xd0, 0xe, 0x7, 0xc0, 0x7, 0xc0, 0xd, 0x0,
    0xe0, 0x1f, 0x0, 0x1d, 0x0, 0x3d, 0xb8, 0x0,
    0x2c, 0x0, 0x1f, 0xe0, 0x0, 0x38, 0x6, 0xfd,
    0xbf, 0x90, 0xb1, 0xff, 0x80, 0x7, 0xfe, 0x10,
    0x90, 0x0, 0x0, 0x4,

    /* U+5F00 "开" */
    0x0, 0x0, 0x0, 0x0, 0x0, 0x3f, 0xff, 0xff,
    0xff, 0xf8, 0x1a, 0xbe, 0xaa, 0xbe, 0xa4, 0x0,
    0x2c, 0x0, 0x38, 0x0, 0x0, 0x2c, 0x0, 0x38,
    0x0, 0x0, 0x2c, 0x0, 0x38, 0x0, 0x0, 0x2c,
    0x0, 0x38, 0x0, 0x0, 0x2c, 0x0, 0x38, 0x0,
    0xff, 0xff, 0xff, 0xff, 0xfd, 0x6a, 0xbe, 0xaa,
    0xbe, 0xa8, 0x0, 0x3c, 0x0, 0x38, 0x0, 0x0,
    0x38, 0x0, 0x38, 0x0, 0x0, 0x38, 0x0, 0x38,
    0x0, 0x0, 0x74, 0x0, 0x38, 0x0, 0x0, 0xf0,
    0x0, 0x38, 0x0, 0x7, 0xc0, 0x0, 0x38, 0x0,
    0x2f, 0x0, 0x0, 0x38, 0x0, 0x38, 0x0, 0x0,
    0x38, 0x0, 0x0, 0x0, 0x0, 0x0, 0x0,

    /* U+5FAA "循" */
    0x0, 0x40, 0x0, 0x0, 0x0, 0x0, 0xe0, 0x15,
    0x6a, 0xf8, 0x2, 0xc7, 0xff, 0xfe, 0xa4, 0x7,
    0x47, 0x0, 0x24, 0x0, 0x1e, 0x7, 0x0, 0x34,
    0x0, 0x78, 0x7, 0xff, 0xff, 0xfd, 0x60, 0xd7,
    0x55, 0x79, 0x54, 0x2, 0xc7, 0x0, 0x34, 0x0,
    0x3, 0x87, 0x15, 0x79, 0x50, 0xf, 0x7, 0x3f,
    0xff, 0xf0, 0x2f, 0xb, 0x34, 0x0, 0x30, 0xbb,
    0xb, 0x3f, 0xff, 0xf0, 0x67, 0xb, 0x39, 0x55,
    0x70, 0x7, 0xe, 0x34, 0x0, 0x30, 0x7, 0xe,
    0x3f, 0xff, 0xf0, 0x7, 0xd, 0x39, 0x55, 0x70,
    0x7, 0x1c, 0x34, 0x0, 0x30, 0x7, 0x3c, 0x3f,
    0xff, 0xf0, 0x7, 0x78, 0x39, 0x55, 0x70, 0x7,
    0x20, 0x34, 0x0, 0x30, 0x0, 0x0, 0x0, 0x0,
    0x0,

    /* U+5FC6 "忆" */
    0x0, 0x0, 0x0, 0x0, 0x0, 0x2, 0xc0, 0x0,
    0x0, 0x0, 0x2, 0xc2, 0xff, 0xff, 0xf0, 0x2,
    0xc1, 0xaa, 0xaa, 0xf0, 0x2, 0xe0, 0x0, 0x3,
    0xd0, 0x26, 0xfc, 0x0, 0xb, 0x40, 0x3a, 0xce,
    0x0, 0x2e, 0x0, 0x36, 0xc5, 0x0, 0x78, 0x0,
    0x32, 0xc0, 0x0, 0xf0, 0x0, 0x72, 0xc0, 0x3,
    0xc0, 0x0, 0x2, 0xc0, 0xf, 0x0, 0x0, 0x2,
    0xc0, 0x2d, 0x0, 0x0, 0x2, 0xc0, 0x78, 0x0,
    0x9, 0x2, 0xc0, 0xf0, 0x0, 0xe, 0x2, 0xc2,
    0xd0, 0x0, 0xe, 0x2, 0xc3, 0x80, 0x0, 0xd,
    0x2, 0xc3, 0x40, 0x0, 0x1d, 0x2, 0xc3, 0xea,
    0x5a, 0xbc, 0x2, 0xc0, 0xbf, 0xff, 0xe0, 0x2,
    0xc0, 0x0, 0x0, 0x0,

    /* U+6062 "恢" */
    0x0, 0x0, 0x0, 0x0, 0x0, 0x3, 0x40, 0x70,
    0x0, 0x0, 0x3, 0x40, 0x70, 0x0, 0x0, 0x3,
    0x4f, 0xff, 0xff, 0xfd, 0x3, 0x95, 0xf5, 0x55,
    0x54, 0x37, 0xf0, 0xe0, 0x20, 0x0, 0x37, 0x78,
    0xe0, 0x30, 0x0, 0x73, 0x40, 0xd0, 0x30, 0x0,
    0x73, 0x41, 0xd0, 0x70, 0x0, 0xa3, 0x43, 0xf4,
    0x70, 0x3c, 0x3, 0x43, 0x6c, 0x74, 0x74, 0x3,
    0x4b, 0xe, 0xb9, 0xe0, 0x3, 0x4e, 0x5, 0xfc,
    0x80, 0x3, 0x6c, 0x1, 0xdd, 0x0, 0x3, 0xb8,
    0x3, 0xcf, 0x0, 0x3, 0xb0, 0x7, 0x43, 0x80,
    0x3, 0x40, 0x1e, 0x2, 0xd0, 0x3, 0x40, 0x7c,
    0x0, 0xf4, 0x3, 0x41, 0xf0, 0x0, 0x3d, 0x3,
    0x40, 0xc0, 0x0, 0x4, 0x0, 0x0, 0x0, 0x0,
    0x0,

    /* U+606F "息" */
    0x0, 0x0, 0xa0, 0x0, 0x0, 0x0, 0x0, 0x34,
    0x0, 0x0, 0x0, 0x3f, 0xff, 0xff, 0xfc, 0x0,
    0xe, 0x55, 0x55, 0x5b, 0x0, 0x3, 0x40, 0x0,
    0x1, 0xc0, 0x0, 0xff, 0xff, 0xff, 0xf0, 0x0,
    0x39, 0x55, 0x55, 0x6c, 0x0, 0xd, 0x0, 0x0,
    0x7, 0x0, 0x3, 0xff, 0xff, 0xff, 0xc0, 0x0,
    0xe5, 0x55, 0x55, 0xb0, 0x0, 0x34, 0x0, 0x0,
    0x1c, 0x0, 0xf, 0xff, 0xff, 0xff, 0x0, 0x2,
    0x95, 0x65, 0x56, 0x80, 0x2, 0x4, 0x1e, 0x0,
    0x18, 0x1, 0xc3, 0x42, 0xe0, 0x47, 0x40, 0xf0,
    0xd0, 0x28, 0x38, 0xb4, 0x74, 0x34, 0x0, 0xd,
    0xe, 0x1c, 0xf, 0x55, 0x5f, 0x0, 0x0, 0x1,
    0xff, 0xff, 0x40, 0x0,

    /* U+6210 "成" */
    0x0, 0x0, 0x1, 0x41, 0x0, 0x0, 0x0, 0x3,
    0xc7, 0x80, 0x0, 0x0, 0x3, 0xc1, 0xf0, 0x0,
    0x0, 0x3, 0xc0, 0x50, 0xb, 0xff, 0xff, 0xff,
    0xfe, 0xb, 0x55, 0x57, 0xd5, 0x54, 0xb, 0x0,
    0x2, 0xc0, 0x0, 0xb, 0x0, 0x2, 0xc0, 0x20,
    0xb, 0xff, 0xe2, 0xc0, 0xb0, 0xb, 0xaa, 0xd1,
    0xc0, 0xe0, 0xb, 0x0, 0xd1, 0xd2, 0xc0, 0xf,
    0x0, 0xd0, 0xd3, 0x80, 0xe, 0x0, 0xd0, 0xef,
    0x0, 0xd, 0x0, 0xd0, 0xbd, 0x0, 0x1d, 0x1,
    0xc0, 0xb8, 0xa, 0x2c, 0x57, 0xc1, 0xfc, 0xe,
    0x38, 0xbf, 0x4b, 0xde, 0xe, 0xb0, 0x0, 0x3e,
    0xb, 0xfc, 0x60, 0x0, 0x24, 0x1, 0xf8, 0x0,
    0x0, 0x0, 0x0, 0x0,

    /* U+6269 "扩" */
    0x3, 0x40, 0x0, 0x20, 0x0, 0x3, 0x40, 0x0,
    0x74, 0x0, 0x3, 0x40, 0x0, 0x3c, 0x0, 0x3,
    0x40, 0xaa, 0xba, 0xa9, 0xff, 0xfc, 0xff, 0xff,
    0xfd, 0x57, 0x94, 0xe0, 0x0, 0x0, 0x3, 0x40,
    0xe0, 0x0, 0x0, 0x3, 0x40, 0xe0, 0x0, 0x0,
    0x3, 0x40, 0xe0, 0x0, 0x0, 0x3, 0xfc, 0xe0,
    0x0, 0x0, 0x6f, 0xe4, 0xe0, 0x0, 0x0, 0xfb,
    0x40, 0xe0, 0x0, 0x0, 0x3, 0x40, 0xd0, 0x0,
    0x0, 0x3, 0x41, 0xd0, 0x0, 0x0, 0x3, 0x42,
    0xc0, 0x0, 0x0, 0x3, 0x43, 0xc0, 0x0, 0x0,
    0x3, 0x47, 0x40, 0x0, 0x0, 0x6b, 0x4f, 0x0,
    0x0, 0x0, 0x7e, 0x1c, 0x0, 0x0, 0x0, 0x0,
    0x0, 0x0, 0x0, 0x0,

    /* U+62E9 "择" */
    0x3, 0x40, 0x0, 0x0, 0x0, 0x3, 0x81, 0x55,
    0x55, 0x50, 0x3, 0x82, 0xff, 0xff, 0xf8, 0x3,
    0x80, 0x34, 0x0, 0xb0, 0xbf, 0xfc, 0x1d, 0x2,
    0xc0, 0x17, 0x94, 0x7, 0x9f, 0x0, 0x3, 0x80,
    0x2, 0xfd, 0x0, 0x3, 0x81, 0xbf, 0x9f, 0xf9,
    0x3, 0x83, 0xe4, 0x60, 0xbd, 0x3, 0xa9, 0x0,
    0xb0, 0x0, 0x2f, 0xf8, 0x0, 0xb0, 0x0, 0xbf,
    0x82, 0xff, 0xff, 0xfc, 0x3, 0x80, 0x55, 0xf5,
    0x54, 0x3, 0x80, 0x0, 0xb0, 0x0, 0x3, 0x81,
    0x55, 0xb5, 0x54, 0x3, 0x8b, 0xff, 0xff, 0xff,
    0x3, 0x40, 0x0, 0xb0, 0x0, 0x5b, 0x40, 0x0,
    0xb0, 0x0, 0x7f, 0x0, 0x0, 0xb0, 0x0, 0x0,
    0x0, 0x0, 0x0, 0x0,

    /* U+653E "放" */
    0x0, 0x50, 0x0, 0xa0, 0x0, 0x0, 0xf0, 0x0,
    0xe0, 0x0, 0x0, 0x74, 0x0, 0xd0, 0x0, 0x0,
    0x20, 0x2, 0xc0, 0x0, 0xbf, 0xff, 0xf3, 0xff,
    0xfe, 0x17, 0x95, 0x57, 0xaa, 0xf9, 0x3, 0x40,
    0xf, 0x40, 0xb0, 0x3, 0x40, 0x2f, 0x80, 0xb0,
    0x3, 0x95, 0x7a, 0x80, 0xe0, 0x3, 0xff, 0xc2,
    0xc0, 0xd0, 0x7, 0x3, 0x81, 0xc1, 0xc0, 0x7,
    0x3, 0x80, 0xd2, 0xc0, 0x7, 0x3, 0x80, 0xb3,
    0x40, 0xb, 0x3, 0x80, 0x7f, 0x0, 0xe, 0x3,
    0x80, 0x3d, 0x0, 0xd, 0x3, 0x40, 0x7f, 0x0,
    0x2c, 0x3, 0x41, 0xe7, 0xc0, 0x38, 0xaf, 0xb,
    0x81, 0xf4, 0xb0, 0xfd, 0x3e, 0x0, 0x3e, 0x10,
    0x0, 0x24, 0x0, 0x4,

    /* U+6570 "数" */
    0x0, 0x14, 0x0, 0x24, 0x0, 0x18, 0x38, 0x34,
    0x34, 0x0, 0x1e, 0x38, 0xb0, 0x70, 0x0, 0xb,
    0x38, 0xd0, 0xb0, 0x0, 0x0, 0x38, 0x40, 0xff,
    0xfe, 0x3f, 0xff, 0xf5, 0xd5, 0xb9, 0x0, 0xb9,
    0x3, 0xc0, 0x74, 0x3, 0xff, 0x47, 0xc0, 0x70,
    0x1f, 0x39, 0xea, 0xd0, 0xb0, 0x78, 0x38, 0x70,
    0xe0, 0xf0, 0x10, 0xd0, 0x0, 0xb0, 0xe0, 0x16,
    0xe5, 0x50, 0x71, 0xc0, 0x7f, 0xff, 0xf0, 0x3b,
    0xc0, 0xb, 0x0, 0xe0, 0x2f, 0x40, 0xf, 0x2,
    0xc0, 0xf, 0x0, 0x7, 0xeb, 0x40, 0x2f, 0x80,
    0x0, 0x7f, 0x40, 0xba, 0xe0, 0x2, 0xf7, 0xe3,
    0xe0, 0xbc, 0x7f, 0x40, 0x5f, 0x40, 0x2e, 0x24,
    0x0, 0x9, 0x0, 0x4,

    /* U+6587 "文" */
    0x0, 0x0, 0x20, 0x0, 0x0, 0x0, 0x0, 0x74,
    0x0, 0x0, 0x0, 0x0, 0x3c, 0x0, 0x0, 0x15,
    0x55, 0x69, 0x55, 0x54, 0xbf, 0xff, 0xff, 0xff,
    0xfc, 0x0, 0xf0, 0x0, 0x1e, 0x0, 0x0, 0xb0,
    0x0, 0x1c, 0x0, 0x0, 0x74, 0x0, 0x2c, 0x0,
    0x0, 0x38, 0x0, 0x38, 0x0, 0x0, 0x2c, 0x0,
    0xb0, 0x0, 0x0, 0xe, 0x0, 0xe0, 0x0, 0x0,
    0x7, 0x42, 0xc0, 0x0, 0x0, 0x2, 0xdb, 0x40,
    0x0, 0x0, 0x0, 0xfe, 0x0, 0x0, 0x0, 0x0,
    0xfe, 0x0, 0x0, 0x0, 0xb, 0xdb, 0xd0, 0x0,
    0x0, 0xbe, 0x1, 0xfe, 0x40, 0x2f, 0xe4, 0x0,
    0x1f, 0xf8, 0x7e, 0x0, 0x0, 0x1, 0xb8, 0x0,
    0x0, 0x0, 0x0, 0x0,

    /* U+65B0 "新" */
    0x0, 0x40, 0x0, 0x0, 0x0, 0x0, 0xb0, 0x0,
    0x0, 0x58, 0x15, 0x75, 0x53, 0xff, 0xfc, 0x7f,
    0xff, 0xf3, 0x94, 0x0, 0x8, 0x1, 0x43, 0x40,
    0x0, 0xe, 0x3, 0x83, 0x40, 0x0, 0x3, 0xb,
    0x3, 0x40, 0x0, 0xff, 0xff, 0xf7, 0x80, 0x0,
    0x55, 0x65, 0x53, 0xff, 0xff, 0x0, 0x70, 0x3,
    0x96, 0xd4, 0x0, 0xb0, 0x3, 0x42, 0xc0, 0x7f,
    0xff, 0xf3, 0x42, 0xc0, 0x0, 0x70, 0x3, 0x42,
    0xc0, 0xc, 0x73, 0x7, 0x2, 0xc0, 0x2c, 0x73,
    0xcb, 0x2, 0xc0, 0x34, 0x70, 0xdf, 0x2, 0xc0,
    0xb0, 0x70, 0x1d, 0x2, 0xc0, 0x5, 0xf0, 0x3c,
    0x2, 0xc0, 0xf, 0xd0, 0x78, 0x2, 0xc0, 0x0,
    0x0, 0x20, 0x2, 0xc0, 0x0, 0x0, 0x0, 0x0,
    0x0,

    /* U+675F "束" */
    0x0, 0x0, 0x10, 0x0, 0x0, 0x0, 0x0, 0x38,
    0x0, 0x0, 0x55, 0x55, 0x79, 0x55, 0x54, 0xbf,
    0xff, 0xff, 0xff, 0xfc, 0x0, 0x0, 0x38, 0x0,
    0x0, 0x0, 0x0, 0x38, 0x0, 0x0, 0xf, 0xff,
    0xff, 0xff, 0xd0, 0xf, 0x55, 0x79, 0x55, 0xd0,
    0xe, 0x0, 0x38, 0x0, 0xd0, 0xe, 0x0, 0x38,
    0x0, 0xd0, 0xf, 0x55, 0x79, 0x55, 0xd0, 0xf,
    0xff, 0xff, 0xff, 0xd0, 0x5, 0x0, 0xfe, 0x0,
    0x80, 0x0, 0x7, 0xbb, 0x80, 0x0, 0x0, 0x1e,
    0x38, 0xf0, 0x0, 0x0, 0xb4, 0x38, 0x3d, 0x0,
    0x7, 0xd0, 0x38, 0xb, 0xc0, 0x7f, 0x0, 0x38,
    0x1, 0xfc, 0xb4, 0x0, 0x38, 0x0, 0x2c, 0x0,
    0x0, 0x38, 0x0, 0x0,

    /* U+6761 "条" */
    0x0, 0xb, 0x0, 0x0, 0x0, 0x0, 0x1d, 0x0,
    0x0, 0x0, 0x0, 0x3f, 0xff, 0xff, 0x80, 0x0,
    0xf9, 0x55, 0x5f, 0x40, 0x3, 0xed, 0x0, 0x3d,
    0x0, 0xf, 0xb, 0x81, 0xf4, 0x0, 0x2c, 0x1,
    0xff, 0x80, 0x0, 0x0, 0x1, 0xff, 0x90, 0x0,
    0x1, 0xbf, 0x92, 0xff, 0xa4, 0x7f, 0xf4, 0x18,
    0x1b, 0xfc, 0x79, 0x0, 0x2c, 0x0, 0x14, 0x5,
    0x55, 0x7d, 0x55, 0x50, 0xf, 0xff, 0xff, 0xff,
    0xe0, 0x0, 0x0, 0x2c, 0x0, 0x0, 0x0, 0x78,
    0x2c, 0x38, 0x0, 0x2, 0xe0, 0x2c, 0x1f, 0x80,
    0x1f, 0x40, 0x3c, 0x1, 0xf8, 0x3c, 0xa, 0xb8,
    0x0, 0x2c, 0x0, 0xf, 0xf0, 0x0, 0x0, 0x0,
    0x0, 0x0, 0x0, 0x0,

    /* U+677E "松" */
    0x0, 0x0, 0x0, 0x0, 0x0, 0x3, 0x80, 0x5,
    0xc, 0x0, 0x3, 0x80, 0xf, 0xd, 0x0, 0x3,
    0x80, 0xd, 0xb, 0x0, 0x17, 0xd4, 0x2c, 0x7,
    0x40, 0xbf, 0xfc, 0x38, 0x3, 0xc0, 0x3, 0x80,
    0xb0, 0x1, 0xe0, 0x7, 0x80, 0xe0, 0x0, 0xb4,
    0xb, 0x93, 0xc0, 0x80, 0x3c, 0xf, 0xf5, 0x41,
    0xd0, 0x1d, 0x2f, 0xad, 0x3, 0xc0, 0x0, 0x37,
    0x89, 0x3, 0x40, 0x0, 0xf3, 0x80, 0xb, 0x1,
    0x0, 0x93, 0x80, 0xe, 0x7, 0x0, 0x3, 0x80,
    0x2c, 0x3, 0x80, 0x3, 0x80, 0x38, 0x2, 0xc0,
    0x3, 0x80, 0xb0, 0x1, 0xe0, 0x3, 0x81, 0xff,
    0xff, 0xf0, 0x3, 0x81, 0xe9, 0x40, 0x38, 0x3,
    0x80, 0x0, 0x0, 0x24,

    /* U+6790 "析" */
    0x1, 0xc0, 0x0, 0x1, 0x54, 0x1, 0xc0, 0x3f,
    0xff, 0xf8, 0x1, 0xc0, 0x39, 0x0, 0x0, 0x16,
    0xd5, 0x34, 0x0, 0x0, 0x3f, 0xfe, 0x34, 0x0,
    0x0, 0x2, 0xc0, 0x34, 0x0, 0x0, 0x3, 0xd0,
    0x39, 0x55, 0x54, 0x7, 0xf8, 0x3f, 0xff, 0xfe,
    0xb, 0xdd, 0x38, 0x3, 0x80, 0xe, 0xcb, 0x34,
    0x3, 0x40, 0x2d, 0xc2, 0x34, 0x3, 0x40, 0x75,
    0xc0, 0x34, 0x3, 0x40, 0x71, 0xc0, 0x70, 0x3,
    0x40, 0x1, 0xc0, 0xb0, 0x3, 0x40, 0x1, 0xc0,
    0xe0, 0x3, 0x40, 0x1, 0xc1, 0xd0, 0x3, 0x40,
    0x1, 0xc3, 0xc0, 0x3, 0x40, 0x1, 0xcb, 0x40,
    0x3, 0x40, 0x1, 0xc6, 0x0, 0x3, 0x40, 0x0,
    0x0, 0x0, 0x0, 0x0,

    /* U+6B21 "次" */
    0x0, 0x0, 0x14, 0x0, 0x0, 0x0, 0x0, 0x38,
    0x0, 0x0, 0x3c, 0x0, 0x74, 0x0, 0x0, 0x1e,
    0x0, 0xb0, 0x0, 0x0, 0x7, 0x80, 0xff, 0xff,
    0xf8, 0x2, 0xd2, 0xd0, 0x0, 0x78, 0x0, 0x43,
    0x82, 0x80, 0xb0, 0x0, 0xb, 0x3, 0xc0, 0xf0,
    0x0, 0x6, 0x3, 0xc1, 0xd0, 0x0, 0xd0, 0x3,
    0xc0, 0x0, 0x1, 0xe0, 0x3, 0xd0, 0x0, 0x3,
    0xc0, 0xb, 0xb0, 0x0, 0x7, 0x40, 0xe, 0x34,
    0x0, 0xf, 0x0, 0x2d, 0x3c, 0x0, 0x2d, 0x0,
    0x38, 0xe, 0x0, 0x3c, 0x0, 0xf0, 0xb, 0x80,
    0xb4, 0x7, 0xc0, 0x2, 0xe0, 0x10, 0x2f, 0x40,
    0x0, 0xfd, 0x0, 0xbc, 0x0, 0x0, 0x2c, 0x0,
    0x10, 0x0, 0x0, 0x0,

    /* U+6BC1 "毁" */
    0x0, 0x40, 0x0, 0x0, 0x0, 0x1f, 0xdf, 0xc2,
    0xff, 0xe0, 0x3d, 0x5, 0xd2, 0xc0, 0xe0, 0x38,
    0x0, 0xd2, 0xc0, 0xe0, 0x38, 0x0, 0xd2, 0xc0,
    0xe0, 0x3f, 0x9f, 0xd3, 0x80, 0xe0, 0x38, 0x1,
    0xd7, 0x40, 0xf5, 0x38, 0x0, 0xdf, 0x0, 0x7d,
    0x39, 0x55, 0xd4, 0x0, 0x0, 0x3f, 0xff, 0xd5,
    0x55, 0x50, 0x24, 0x0, 0x8f, 0xff, 0xf0, 0x15,
    0x55, 0x43, 0x80, 0xb0, 0x3f, 0xff, 0xd2, 0xc0,
    0xe0, 0x0, 0xb0, 0x0, 0xd2, 0xc0, 0x0, 0xb0,
    0x0, 0xbb, 0x40, 0x0, 0xb0, 0x0, 0x3e, 0x0,
    0x0, 0xbb, 0xf0, 0xbf, 0x40, 0xbf, 0xfa, 0x5b,
    0xd3, 0xf4, 0x64, 0x0, 0xbe, 0x0, 0xbd, 0x0,
    0x0, 0x10, 0x0, 0x4,

    /* U+6C22 "氢" */
    0x0, 0x90, 0x0, 0x0, 0x0, 0x1, 0xe5, 0x55,
    0x55, 0x50, 0x3, 0xff, 0xff, 0xff, 0xf8, 0x7,
    0x40, 0x0, 0x0, 0x0, 0xe, 0xbf, 0xff, 0xff,
    0xc0, 0x3c, 0x15, 0x55, 0x55, 0x40, 0x75, 0x55,
    0x55, 0x55, 0x0, 0x7, 0xff, 0xff, 0xff, 0x40,
    0x0, 0x0, 0x0, 0x3, 0x40, 0xf, 0xff, 0xff,
    0x83, 0x40, 0x0, 0x0, 0x6f, 0x3, 0x40, 0x0,
    0x6, 0xf4, 0x3, 0x40, 0x5, 0xbe, 0xbe, 0x43,
    0x40, 0x7e, 0x40, 0x1, 0xbb, 0x80, 0x7, 0xff,
    0xff, 0x83, 0x8a, 0x1, 0x57, 0x95, 0x42, 0x8a,
    0x0, 0x3, 0x40, 0x2, 0x8e, 0x15, 0x57, 0x95,
    0x51, 0xdd, 0x3f, 0xff, 0xff, 0xf0, 0xbc, 0x0,
    0x0, 0x0, 0x0, 0x0,

    /* U+6C60 "池" */
    0x0, 0x0, 0x0, 0xd0, 0x0, 0x1d, 0x0, 0x0,
    0xd0, 0x0, 0xf, 0x40, 0x0, 0xd0, 0x0, 0x3,
    0xd3, 0x40, 0xd0, 0x0, 0x0, 0x43, 0x40, 0xd0,
    0x68, 0x0, 0x3, 0x41, 0xff, 0xf8, 0x74, 0x7,
    0xff, 0xf4, 0x38, 0x3e, 0x3f, 0xe4, 0xd0, 0x38,
    0xb, 0x57, 0x40, 0xd0, 0x38, 0x1, 0x3, 0x40,
    0xd0, 0x34, 0x0, 0x3, 0x40, 0xd0, 0x34, 0x2,
    0x3, 0x40, 0xda, 0xf0, 0x3, 0x83, 0x40, 0xd7,
    0xd0, 0x7, 0x43, 0x40, 0xd0, 0xe, 0xb, 0x3,
    0x40, 0xd0, 0xf, 0xf, 0x3, 0x40, 0x0, 0xe,
    0x1d, 0x3, 0x80, 0x0, 0x1d, 0x3c, 0x3, 0xea,
    0xaa, 0xbc, 0x3c, 0x0, 0xbf, 0xff, 0xf4, 0x0,
    0x0, 0x0, 0x0, 0x0,

    /* U+6D3B "活" */
    0x0, 0x0, 0x0, 0x0, 0x0, 0x1d, 0x0, 0x1,
    0x56, 0xac, 0xf, 0x87, 0xff, 0xff, 0xfc, 0x2,
    0xd1, 0x55, 0xe0, 0x0, 0x0, 0x40, 0x0, 0xe0,
    0x0, 0x0, 0x0, 0x0, 0xe0, 0x0, 0x78, 0xa,
    0xaa, 0xfa, 0xa9, 0x2f, 0xf, 0xff, 0xff, 0xff,
    0x7, 0x80, 0x0, 0xe0, 0x0, 0x0, 0x0, 0x0,
    0xe0, 0x0, 0x0, 0x0, 0x0, 0xe0, 0x0, 0x1,
    0x3, 0xff, 0xff, 0xf4, 0x3, 0xc3, 0xd5, 0x55,
    0xb4, 0x3, 0x83, 0x80, 0x0, 0x34, 0xb, 0x43,
    0x80, 0x0, 0x34, 0xf, 0x3, 0x80, 0x0, 0x34,
    0xe, 0x3, 0x80, 0x0, 0x34, 0x2d, 0x3, 0xff,
    0xff, 0xf4, 0x3c, 0x3, 0xd5, 0x55, 0xb4, 0x4,
    0x3, 0x80, 0x0, 0x34,

    /* U+6D41 "流" */
    0x0, 0x0, 0x2, 0x0, 0x0, 0x2c, 0x0, 0x3,
    0xc0, 0x0, 0xf, 0x0, 0x1, 0xc0, 0x0, 0x3,
    0xdf, 0xff, 0xff, 0xfc, 0x0, 0x5, 0x5d, 0x55,
    0x54, 0x0, 0x0, 0x3c, 0x1, 0x0, 0x74, 0x0,
    0xf0, 0x3, 0x80, 0x3e, 0x3, 0xc0, 0x2, 0xd0,
    0xb, 0x4f, 0xff, 0xff, 0xf4, 0x0, 0xa, 0x95,
    0x50, 0x38, 0x0, 0x2, 0x42, 0x47, 0x0, 0x2,
    0x3, 0x83, 0x87, 0x0, 0x7, 0x43, 0x83, 0x87,
    0x0, 0xb, 0x3, 0x83, 0x87, 0x0, 0xf, 0x3,
    0x43, 0x87, 0x5, 0xe, 0xb, 0x3, 0x87, 0xb,
    0x1d, 0xf, 0x3, 0x87, 0xe, 0x3c, 0x7c, 0x3,
    0x87, 0x9e, 0x3c, 0xf0, 0x3, 0x82, 0xfc, 0x0,
    0x0, 0x0, 0x0, 0x0,

    /* U+6FC0 "激" */
    0x0, 0x0, 0xc0, 0x6, 0x0, 0x3c, 0x1, 0xc0,
    0xb, 0x0, 0xf, 0x2f, 0xff, 0xe, 0x0, 0x3,
    0x39, 0x5b, 0xd, 0x0, 0x0, 0x34, 0x7, 0xf,
    0xfe, 0x0, 0x3f, 0xff, 0x2c, 0x38, 0xb4, 0x38,
    0x7, 0x3c, 0x38, 0x3d, 0x34, 0x7, 0x7c, 0x34,
    0xe, 0x3f, 0xff, 0xbc, 0x34, 0x0, 0x15, 0x81,
    0x4c, 0x30, 0x0, 0x1, 0xc0, 0xd, 0x70, 0x0,
    0xff, 0xff, 0xca, 0xb0, 0x9, 0xe, 0x0, 0x7,
    0xe0, 0xe, 0xe, 0x55, 0x3, 0xc0, 0x1d, 0xf,
    0xfe, 0x3, 0xc0, 0x2c, 0x1c, 0xa, 0x7, 0xd0,
    0x3c, 0x3c, 0xe, 0x1e, 0xb0, 0x38, 0xb4, 0x5d,
    0x7c, 0x3c, 0x75, 0xe1, 0xf8, 0xf0, 0xe, 0x0,
    0x40, 0x0, 0x40, 0x0,

    /* U+7184 "熄" */
    0x0, 0x0, 0x1, 0x0, 0x0, 0x3, 0x40, 0x3,
    0x80, 0x0, 0x3, 0x40, 0x57, 0x95, 0x50, 0x3,
    0x41, 0xff, 0xff, 0xf0, 0x53, 0x4a, 0xc0, 0x0,
    0x70, 0xb3, 0x5e, 0xff, 0xff, 0xf0, 0x73, 0x69,
    0xd5, 0x55, 0x70, 0x37, 0x75, 0xc0, 0x0, 0x70,
    0x37, 0xb1, 0xff, 0xff, 0xf0, 0x3, 0x41, 0xd5,
    0x55, 0x70, 0x3, 0x41, 0xc0, 0x0, 0x70, 0x3,
    0xc1, 0xff, 0xff, 0xf0, 0x7, 0xf1, 0xc1, 0x40,
    0x70, 0xb, 0x76, 0x61, 0xc0, 0x20, 0xe, 0x2b,
    0x74, 0xf0, 0x74, 0x1d, 0xb, 0x34, 0x63, 0xac,
    0x3c, 0xd, 0x34, 0x3, 0x8e, 0x74, 0x1c, 0x3d,
    0x5b, 0x0, 0x70, 0x0, 0x1f, 0xfd, 0x0, 0x0,
    0x0, 0x0, 0x0, 0x0,

    /* U+73AF "环" */
    0x0, 0x0, 0x0, 0x0, 0x0, 0x15, 0x55, 0xbf,
    0xff, 0xfc, 0x3f, 0xfe, 0x15, 0xb5, 0x54, 0x2,
    0xc0, 0x0, 0xf0, 0x0, 0x2, 0xc0, 0x0, 0xd0,
    0x0, 0x2, 0xc0, 0x2, 0xc0, 0x0, 0x16, 0xd5,
    0x3, 0xc0, 0x0, 0x3f, 0xfe, 0x7, 0xf6, 0x0,
    0x2, 0xc0, 0xf, 0xb7, 0x40, 0x2, 0xc0, 0x1d,
    0xb2, 0xc0, 0x2, 0xc0, 0x3c, 0xb0, 0xf0, 0x2,
    0xc0, 0xb4, 0xb0, 0x78, 0x2, 0xfe, 0xe0, 0xb0,
    0x2c, 0x7f, 0xe7, 0xc0, 0xb0, 0xf, 0x78, 0x7,
    0x40, 0xb0, 0x4, 0x0, 0x1, 0x0, 0xb0, 0x0,
    0x0, 0x0, 0x0, 0xb0, 0x0, 0x0, 0x0, 0x0,
    0xb0, 0x0, 0x0, 0x0, 0x0, 0xb0, 0x0,

    /* U+7535 "电" */
    0x0, 0x1, 0x40, 0x0, 0x0, 0x0, 0xb, 0x0,
    0x0, 0x0, 0x0, 0x2c, 0x0, 0x0, 0x2f, 0xff,
    0xff, 0xff, 0xd0, 0xb5, 0x56, 0xd5, 0x5b, 0x42,
    0xc0, 0xb, 0x0, 0x1d, 0xb, 0x0, 0x2c, 0x0,
    0x74, 0x2d, 0x55, 0xb5, 0x56, 0xd0, 0xbf, 0xff,
    0xff, 0xff, 0x42, 0xc0, 0xb, 0x0, 0x1d, 0xb,
    0x0, 0x2c, 0x0, 0x74, 0x2c, 0x0, 0xb0, 0x1,
    0xd0, 0xba, 0xab, 0xea, 0xab, 0x42, 0xff, 0xff,
    0xff, 0xfd, 0xb, 0x0, 0x2c, 0x0, 0x3, 0x40,
    0x0, 0xb0, 0x0, 0x1d, 0x0, 0x1, 0xc0, 0x0,
    0xb0, 0x0, 0x7, 0xea, 0xab, 0xc0, 0x0, 0x7,
    0xff, 0xfc, 0x0,

    /* U+78F7 "磷" */
    0x0, 0x0, 0x0, 0x60, 0x0, 0x0, 0x0, 0xe0,
    0x70, 0x34, 0x3f, 0xf8, 0x78, 0x70, 0xf0, 0x17,
    0x54, 0x2c, 0x72, 0xc0, 0x7, 0x0, 0x4, 0xb1,
    0x40, 0xa, 0x3, 0xff, 0xff, 0xfd, 0xd, 0x0,
    0x3, 0xfd, 0x0, 0xe, 0x50, 0x1d, 0x73, 0x80,
    0x1f, 0xf1, 0xf4, 0x70, 0xf8, 0x3c, 0x37, 0xc0,
    0x70, 0x2e, 0x7c, 0x31, 0xb0, 0x10, 0xd0, 0xac,
    0x30, 0xff, 0x6f, 0xfe, 0xc, 0x32, 0xc3, 0x44,
    0xd0, 0xc, 0x37, 0x43, 0x28, 0xd0, 0xc, 0x3a,
    0xeb, 0x34, 0xd0, 0xf, 0xf0, 0x3d, 0x3f, 0xfe,
    0xd, 0x50, 0x3c, 0x0, 0xd0, 0xc, 0x0, 0xf0,
    0x0, 0xd0, 0x0, 0x7, 0xc0, 0x0, 0xd0, 0x0,
    0x7, 0x0, 0x0, 0xd0, 0x0, 0x0, 0x0, 0x0,
    0x0,

    /* U+79BB "离" */
    0x0, 0x0, 0x24, 0x0, 0x0, 0x0, 0x0, 0x3c,
    0x0, 0x0, 0x3f, 0xff, 0xff, 0xff, 0xfe, 0x15,
    0x55, 0x55, 0x59, 0x54, 0x3, 0x1f, 0x40, 0xb8,
    0xa0, 0x3, 0x1, 0xff, 0x80, 0xe0, 0x3, 0x6,
    0xfb, 0xe4, 0xe0, 0x3, 0x3e, 0x0, 0x2c, 0xe0,
    0x3, 0xaa, 0xaa, 0xaa, 0xe0, 0x2, 0xaa, 0xbe,
    0xaa, 0xe0, 0x0, 0x0, 0x38, 0x0, 0x50, 0x5,
    0x55, 0xb5, 0x55, 0x50, 0xf, 0xff, 0xff, 0xff,
    0xf4, 0xe, 0x2, 0xc0, 0x0, 0x34, 0xe, 0x3,
    0x41, 0xc0, 0x34, 0xe, 0xf, 0x55, 0xf0, 0x34,
    0xe, 0x1f, 0xff, 0xfc, 0x34, 0xe, 0x4, 0x0,
    0x4, 0x34, 0xe, 0x0, 0x0, 0xa, 0xb0, 0xe,
    0x0, 0x0, 0xb, 0xe0,

    /* U+7B80 "简" */
    0x0, 0xd0, 0x0, 0xa0, 0x0, 0x2, 0xc0, 0x0,
    0xe0, 0x0, 0x7, 0xff, 0xf7, 0xff, 0xfd, 0xe,
    0x59, 0x5b, 0x59, 0x54, 0x3c, 0x1d, 0x1e, 0xe,
    0x0, 0x72, 0x49, 0x8, 0x6, 0x0, 0x2, 0xd2,
    0xff, 0xff, 0xf4, 0x0, 0xf1, 0x55, 0x55, 0x74,
    0x4, 0x0, 0x0, 0x0, 0x34, 0xc, 0xf, 0xff,
    0xf0, 0x34, 0xc, 0xe, 0x55, 0x70, 0x34, 0xc,
    0xd, 0x0, 0x30, 0x34, 0xc, 0xe, 0x55, 0x70,
    0x34, 0xc, 0xf, 0xff, 0xf0, 0x34, 0xc, 0xd,
    0x0, 0x30, 0x34, 0xc, 0xd, 0x55, 0x70, 0x34,
    0xc, 0xf, 0xff, 0xf0, 0x34, 0xc, 0x0, 0x0,
    0x0, 0x34, 0xc, 0x0, 0x0, 0x15, 0xb0, 0xc,
    0x0, 0x0, 0x2f, 0xd0, 0x0, 0x0, 0x0, 0x0,
    0x0,

    /* U+7C7B "类" */
    0x0, 0x0, 0x18, 0x0, 0x0, 0x3, 0x80, 0x2c,
    0x1, 0xc0, 0x1, 0xf0, 0x2c, 0xb, 0x80, 0x0,
    0x7c, 0x2c, 0x3d, 0x0, 0x0, 0x4, 0x2c, 0x10,
    0x0, 0x3f, 0xff, 0xff, 0xff, 0xfc, 0x2a, 0xaa,
    0xfe, 0xaa, 0xa8, 0x0, 0x7, 0x6f, 0x80, 0x0,
    0x0, 0x7d, 0x2d, 0xbd, 0x0, 0x7, 0xe0, 0x2c,
    0xb, 0xe0, 0x7f, 0x40, 0x0, 0x0, 0xbd, 0x10,
    0x0, 0x38, 0x0, 0x8, 0x15, 0x55, 0x7d, 0x55,
    0x54, 0x3f, 0xff, 0xff, 0xff, 0xfc, 0x0, 0x0,
    0xbf, 0x0, 0x0, 0x0, 0x1, 0xd3, 0x80, 0x0,
    0x0, 0xb, 0x81, 0xf0, 0x0, 0x0, 0x7e, 0x0,
    0x3f, 0x40, 0x2f, 0xf0, 0x0, 0x7, 0xfd, 0x39,
    0x0, 0x0, 0x0, 0x6c, 0x0, 0x0, 0x0, 0x0,
    0x0,

    /* U+7CFB "系" */
    0x0, 0x0, 0x0, 0x0, 0x0, 0x0, 0x1, 0x56,
    0xab, 0xf0, 0x1f, 0xff, 0xff, 0xea, 0x50, 0x5,
    0x41, 0xf0, 0x0, 0x0, 0x0, 0xb, 0xc0, 0x3,
    0x40, 0x0, 0x7d, 0x0, 0x2f, 0x40, 0x7, 0xe1,
    0x56, 0xf8, 0x0, 0xf, 0xff, 0xff, 0xc0, 0x0,
    0x1, 0x0, 0xbd, 0x4, 0x0, 0x0, 0x7, 0xd0,
    0x2e, 0x0, 0x0, 0x7d, 0x0, 0xb, 0x80, 0xf,
    0xfa, 0xff, 0xff, 0xf0, 0xf, 0xfa, 0xbd, 0x55,
    0x7c, 0x0, 0x0, 0x2c, 0x0, 0x14, 0x0, 0xf0,
    0x2c, 0x3d, 0x0, 0x3, 0xd0, 0x2c, 0xf, 0x80,
    0x1f, 0x40, 0x2c, 0x2, 0xf0, 0x7c, 0x9, 0x7c,
    0x0, 0x7c, 0x20, 0xf, 0xf4, 0x0, 0x4, 0x0,
    0x0, 0x0, 0x0, 0x0,

    /* U+7ED3 "结" */
    0x0, 0x80, 0x0, 0x60, 0x0, 0x2, 0xc0, 0x0,
    0xb0, 0x0, 0x3, 0x80, 0x0, 0xb0, 0x0, 0xb,
    0x1, 0x55, 0xb5, 0x54, 0xd, 0x3, 0xff, 0xff,
    0xfd, 0x2c, 0x3c, 0x0, 0xb0, 0x0, 0x74, 0x74,
    0x0, 0xb0, 0x0, 0xbf, 0xf0, 0x0, 0xb0, 0x0,
    0x17, 0xc1, 0xff, 0xff, 0xfc, 0x3, 0x40, 0x55,
    0x55, 0x54, 0xf, 0x0, 0x0, 0x0, 0x0, 0x2c,
    0x14, 0x55, 0x55, 0x50, 0x7f, 0xfc, 0xff, 0xff,
    0xf4, 0x39, 0x40, 0xe0, 0x0, 0x34, 0x0, 0x0,
    0xe0, 0x0, 0x34, 0x0, 0x18, 0xe0, 0x0, 0x34,
    0x6f, 0xfc, 0xe0, 0x0, 0x34, 0xbe, 0x40, 0xff,
    0xff, 0xf4, 0x0, 0x0, 0xf5, 0x55, 0x74, 0x0,
    0x0, 0xe0, 0x0, 0x34,

    /* U+7EDF "统" */
    0x0, 0x40, 0x0, 0x80, 0x0, 0x2, 0xc0, 0x1,
    0xd0, 0x0, 0x3, 0x40, 0x0, 0xf0, 0x0, 0xb,
    0xb, 0xff, 0xff, 0xfc, 0xd, 0x1, 0x5f, 0x55,
    0x54, 0x2c, 0x34, 0xf, 0x0, 0x0, 0x70, 0xb0,
    0x3c, 0x7, 0x40, 0xff, 0xe0, 0xb0, 0x3, 0xc0,
    0x67, 0xc2, 0xe0, 0x56, 0xe0, 0x7, 0x47, 0xff,
    0xff, 0xf4, 0xe, 0x2, 0x6c, 0x2c, 0x3c, 0x2c,
    0x10, 0x2c, 0x2c, 0x0, 0x7f, 0xf4, 0x2c, 0x2c,
    0x0, 0x29, 0x40, 0x38, 0x2c, 0x0, 0x0, 0x0,
    0x38, 0x2c, 0x8, 0x6, 0xf8, 0xb0, 0x2c, 0xd,
    0xff, 0x91, 0xe0, 0x2c, 0x1d, 0x50, 0xb, 0xc0,
    0x2d, 0x7c, 0x0, 0x3e, 0x0, 0xf, 0xf8, 0x0,
    0x0, 0x0, 0x0, 0x0,

    /* U+7F6E "置" */
    0xf, 0xff, 0xff, 0xff, 0xe0, 0xc, 0x7, 0x1,
    0xc0, 0xb0, 0xc, 0x7, 0x1, 0xc0, 0xb0, 0xf,
    0xff, 0xff, 0xff, 0xf0, 0x4, 0x0, 0x24, 0x0,
    0x50, 0x15, 0x55, 0x79, 0x55, 0x54, 0x7f, 0xff,
    0xff, 0xff, 0xfc, 0x0, 0x0, 0x34, 0x0, 0x0,
    0x3, 0xff, 0xff, 0xff, 0xc0, 0x3, 0x40, 0x0,
    0x2, 0xc0, 0x3, 0xff, 0xff, 0xff, 0xc0, 0x3,
    0x40, 0x0, 0x2, 0xc0, 0x3, 0xff, 0xff, 0xff,
    0xc0, 0x3, 0x40, 0x0, 0x2, 0xc0, 0x3, 0x40,
    0x0, 0x2, 0xc0, 0x3, 0xff, 0xff, 0xff, 0xc0,
    0x3, 0x40, 0x0, 0x2, 0xc0, 0xff, 0xff, 0xff,
    0xff, 0xfd,

    /* U+81EA "自" */
    0x0, 0x5, 0x0, 0x0, 0x0, 0xf, 0x0, 0x0,
    0x0, 0x1d, 0x0, 0x0, 0xbf, 0xff, 0xff, 0xfe,
    0xb5, 0x55, 0x55, 0x5e, 0xb0, 0x0, 0x0, 0xe,
    0xb0, 0x0, 0x0, 0xe, 0xb5, 0x55, 0x55, 0x5e,
    0xbf, 0xff, 0xff, 0xfe, 0xb0, 0x0, 0x0, 0xe,
    0xb0, 0x0, 0x0, 0xe, 0xb0, 0x0, 0x0, 0xe,
    0xb5, 0x55, 0x55, 0x5e, 0xbf, 0xff, 0xff, 0xfe,
    0xb0, 0x0, 0x0, 0xe, 0xb0, 0x0, 0x0, 0xe,
    0xb0, 0x0, 0x0, 0xe, 0xbf, 0xff, 0xff, 0xfe,
    0xb5, 0x55, 0x55, 0x5e, 0xb0, 0x0, 0x0, 0xe,

    /* U+82F1 "英" */
    0x0, 0x8, 0x0, 0x24, 0x0, 0x0, 0x3, 0x40,
    0xd, 0x0, 0x1, 0x55, 0xe5, 0x57, 0x95, 0x50,
    0xff, 0xff, 0xff, 0xff, 0xfc, 0x0, 0xd, 0x0,
    0x34, 0x0, 0x0, 0x3, 0x4b, 0xd, 0x0, 0x0,
    0x0, 0x2, 0xc0, 0x0, 0x0, 0xf, 0xff, 0xff,
    0xff, 0x0, 0x3, 0x95, 0x6d, 0x56, 0xc0, 0x0,
    0xe0, 0xb, 0x0, 0x70, 0x0, 0x38, 0x2, 0xc0,
    0x1c, 0x0, 0xe, 0x0, 0xb0, 0x7, 0x0, 0x7f,
    0xff, 0xff, 0xff, 0xff, 0x5, 0x55, 0x6f, 0x95,
    0x55, 0x40, 0x0, 0xf, 0xb0, 0x0, 0x0, 0x0,
    0xf, 0xf, 0x40, 0x0, 0x0, 0x2f, 0x0, 0xf8,
    0x0, 0x1, 0xbe, 0x0, 0x7, 0xf9, 0x3, 0xf8,
    0x0, 0x0, 0x1f, 0xe0, 0x50, 0x0, 0x0, 0x0,
    0x10,

    /* U+8A00 "言" */
    0x0, 0x0, 0x14, 0x0, 0x0, 0x0, 0x0, 0x3c,
    0x0, 0x0, 0x0, 0x0, 0x1d, 0x0, 0x0, 0x3f,
    0xff, 0xff, 0xff, 0xfe, 0x2a, 0xaa, 0xaa, 0xaa,
    0xa9, 0x0, 0x0, 0x0, 0x0, 0x0, 0x7, 0xff,
    0xff, 0xff, 0xf0, 0x1, 0x55, 0x55, 0x55, 0x50,
    0x0, 0x0, 0x0, 0x0, 0x0, 0x7, 0xff, 0xff,
    0xff, 0xf0, 0x1, 0x55, 0x55, 0x55, 0x50, 0x0,
    0x0, 0x0, 0x0, 0x0, 0x1, 0x55, 0x55, 0x55,
    0x40, 0x3, 0xff, 0xff, 0xff, 0xd0, 0x3, 0x80,
    0x0, 0x0, 0xd0, 0x3, 0x80, 0x0, 0x0, 0xd0,
    0x3, 0x80, 0x0, 0x0, 0xd0, 0x3, 0xff, 0xff,
    0xff, 0xd0, 0x3, 0xd5, 0x55, 0x56, 0xd0, 0x3,
    0x80, 0x0, 0x0, 0xd0, 0x0, 0x0, 0x0, 0x0,
    0x0,

    /* U+8BB0 "记" */
    0x0, 0x0, 0x0, 0x0, 0x0, 0xd, 0x1, 0x55,
    0x55, 0x50, 0xf, 0x43, 0xff, 0xff, 0xf4, 0x3,
    0xc0, 0x0, 0x0, 0x34, 0x1, 0xc0, 0x0, 0x0,
    0x34, 0x0, 0x0, 0x0, 0x0, 0x34, 0x0, 0x0,
    0x0, 0x0, 0x34, 0xbf, 0x40, 0x0, 0x0, 0x34,
    0x6b, 0x40, 0xff, 0xff, 0xf4, 0x3, 0x40, 0xe5,
    0x55, 0x74, 0x3, 0x40, 0xd0, 0x0, 0x10, 0x3,
    0x40, 0xd0, 0x0, 0x0, 0x3, 0x40, 0xd0, 0x0,
    0x0, 0x3, 0x40, 0xd0, 0x0, 0x9, 0x3, 0x40,
    0xd0, 0x0, 0xe, 0x3, 0x4c, 0xd0, 0x0, 0xe,
    0x3, 0xfc, 0xe0, 0x0, 0x1d, 0x7, 0xe0, 0xfa,
    0xaa, 0xbc, 0x7, 0x40, 0x7f, 0xff, 0xe0, 0x0,
    0x0, 0x0, 0x0, 0x0,

    /* U+8BBE "设" */
    0x5, 0x0, 0x15, 0x55, 0x40, 0xb, 0x40, 0x3f,
    0xff, 0x80, 0x3, 0xd0, 0x74, 0x3, 0x80, 0x0,
    0xd0, 0x70, 0x3, 0x80, 0x0, 0x0, 0xf0, 0x3,
    0xc0, 0x0, 0x3, 0xd0, 0x2, 0xfe, 0xbf, 0x4f,
    0x80, 0x0, 0x59, 0x17, 0x41, 0x0, 0x0, 0x0,
    0x3, 0x43, 0xff, 0xff, 0xe0, 0x3, 0x41, 0xf5,
    0x56, 0xe0, 0x3, 0x40, 0xb0, 0x2, 0xc0, 0x3,
    0x40, 0x38, 0x7, 0x40, 0x3, 0x40, 0x1d, 0xf,
    0x0, 0x3, 0x4c, 0xb, 0x7c, 0x0, 0x3, 0xfc,
    0x3, 0xf0, 0x0, 0x7, 0xe0, 0x1f, 0xfd, 0x0,
    0x7, 0x42, 0xfd, 0xf, 0xe4, 0x0, 0x3f, 0xd0,
    0x1, 0xfd, 0x0, 0x14, 0x0, 0x0, 0x4,

    /* U+8BED "语" */
    0x4, 0x0, 0x0, 0x0, 0x0, 0x2d, 0xb, 0xff,
    0xff, 0xfc, 0xf, 0x45, 0x5e, 0x55, 0x54, 0x3,
    0xd0, 0xd, 0x0, 0x0, 0x1, 0x80, 0x1d, 0x0,
    0x0, 0x0, 0x7, 0xff, 0xff, 0xd0, 0x0, 0x1,
    0x6d, 0x55, 0xd0, 0xbf, 0x0, 0x2c, 0x0, 0xd0,
    0x6f, 0x0, 0x38, 0x0, 0xd0, 0x7, 0xf, 0xff,
    0xff, 0xff, 0x7, 0x5, 0x55, 0x55, 0x55, 0x7,
    0x0, 0x0, 0x0, 0x0, 0x7, 0x0, 0x55, 0x55,
    0x50, 0x7, 0x2, 0xff, 0xff, 0xf0, 0x7, 0x2,
    0xc0, 0x0, 0x70, 0x7, 0x1a, 0xc0, 0x0, 0x70,
    0xb, 0xf6, 0xc0, 0x0, 0x70, 0xf, 0xd2, 0xff,
    0xff, 0xf0, 0xf, 0x2, 0xd5, 0x55, 0xb0, 0x0,
    0x2, 0xc0, 0x0, 0x70,

    /* U+8FD4 "返" */
    0x0, 0x0, 0x0, 0x0, 0x0, 0x1c, 0x1, 0x55,
    0x6a, 0xf4, 0xf, 0x3, 0xff, 0xfe, 0xa4, 0x7,
    0x83, 0x80, 0x0, 0x0, 0x3, 0xc3, 0x80, 0x0,
    0x0, 0x0, 0x3, 0x80, 0x0, 0x0, 0x0, 0x3,
    0xff, 0xff, 0xf0, 0x6a, 0x3, 0x95, 0x55, 0xf0,
    0xbf, 0x3, 0x40, 0x0, 0xe0, 0x7, 0x3, 0x7d,
    0x2, 0xc0, 0x7, 0x7, 0x4b, 0x87, 0x40, 0x7,
    0x7, 0x1, 0xfe, 0x0, 0x7, 0xf, 0x0, 0xbd,
    0x0, 0x7, 0x1d, 0x2, 0xff, 0x80, 0x7, 0x3c,
    0x1f, 0x83, 0xe0, 0xb, 0x25, 0xfc, 0x0, 0xb8,
    0x2f, 0x80, 0x90, 0x0, 0x10, 0xb4, 0xf9, 0x55,
    0x55, 0x54, 0xa0, 0x2f, 0xff, 0xff, 0xfc, 0x0,
    0x0, 0x0, 0x0, 0x0,

    /* U+9009 "选" */
    0x0, 0x0, 0x0, 0x40, 0x0, 0x1c, 0x0, 0x81,
    0xc0, 0x0, 0xe, 0x1, 0xc1, 0xc0, 0x0, 0x7,
    0x42, 0xc2, 0xd0, 0x0, 0x3, 0xc3, 0xff, 0xff,
    0xf0, 0x0, 0xb, 0x2, 0xc0, 0x0, 0x0, 0xe,
    0x1, 0xc0, 0x0, 0x6a, 0x9, 0x1, 0xc0, 0x0,
    0xbf, 0x15, 0x56, 0xd5, 0x54, 0x7, 0x3f, 0xff,
    0xff, 0xfc, 0x7, 0x0, 0x34, 0x38, 0x0, 0x7,
    0x0, 0x34, 0x38, 0x0, 0x7, 0x0, 0x70, 0x38,
    0x1c, 0x7, 0x0, 0xf0, 0x38, 0x2c, 0x7, 0x3,
    0xd0, 0x38, 0x38, 0xb, 0x1f, 0x40, 0x2f, 0xf4,
    0x2f, 0xc8, 0x0, 0x1, 0x40, 0xb4, 0xfa, 0x55,
    0x55, 0x58, 0xa0, 0x2f, 0xff, 0xff, 0xfc, 0x0,
    0x0, 0x0, 0x0, 0x0,

    /* U+901A "通" */
    0x0, 0x0, 0x0, 0x0, 0x0, 0x1c, 0x5, 0x55,
    0x55, 0x50, 0xe, 0xb, 0xff, 0xff, 0xf0, 0xb,
    0x40, 0x10, 0xb, 0x80, 0x3, 0xc0, 0x7e, 0xb8,
    0x0, 0x0, 0x1, 0x5b, 0xe5, 0x50, 0x0, 0x7,
    0xff, 0xff, 0xf0, 0x6a, 0x7, 0x1, 0xc0, 0x70,
    0xbf, 0x7, 0x56, 0xd5, 0x70, 0x7, 0x7, 0xff,
    0xff, 0xf0, 0x7, 0x7, 0x1, 0xc0, 0x70, 0x7,
    0x7, 0x1, 0xc0, 0x70, 0x7, 0x7, 0xff, 0xff,
    0xf0, 0x7, 0x7, 0x2, 0xc0, 0x70, 0x7, 0x7,
    0x1, 0xc0, 0x70, 0xb, 0x7, 0x1, 0xdf, 0xf0,
    0x2f, 0xc1, 0x0, 0x45, 0x40, 0xb4, 0xf9, 0x55,
    0x55, 0x54, 0xa0, 0x2f, 0xff, 0xff, 0xfc, 0x0,
    0x0, 0x0, 0x0, 0x0,

    /* U+9053 "道" */
    0x0, 0x0, 0x10, 0x1, 0x0, 0x28, 0x0, 0x74,
    0x7, 0x80, 0x1e, 0x0, 0x38, 0xf, 0x0, 0xb,
    0x4f, 0xff, 0xff, 0xfe, 0x3, 0x40, 0x2, 0xc0,
    0x0, 0x0, 0x0, 0x3, 0x80, 0x0, 0x0, 0x3,
    0xff, 0xff, 0xf0, 0x6a, 0x3, 0x80, 0x0, 0x70,
    0x7f, 0x3, 0x80, 0x0, 0x70, 0x7, 0x3, 0xff,
    0xff, 0xf0, 0x7, 0x3, 0x40, 0x0, 0x70, 0x7,
    0x3, 0x80, 0x0, 0x70, 0x7, 0x3, 0xff, 0xff,
    0xf0, 0x7, 0x3, 0x40, 0x0, 0x70, 0x7, 0x3,
    0x80, 0x0, 0x70, 0x7, 0x3, 0xff, 0xff, 0xf0,
    0x1f, 0x81, 0x0, 0x0, 0x20, 0x78, 0xfa, 0x55,
    0x55, 0x55, 0x60, 0x1b, 0xff, 0xff, 0xfd, 0x0,
    0x0, 0x0, 0x0, 0x0,

    /* U+9178 "酸" */
    0x0, 0x0, 0x0, 0x4, 0x0, 0x15, 0x55, 0x50,
    0x38, 0x0, 0x7f, 0xff, 0xf0, 0xb0, 0x80, 0x1,
    0x9c, 0x1, 0xc0, 0xf0, 0x1, 0x9c, 0x7, 0x40,
    0x78, 0x6, 0xdd, 0x4f, 0xff, 0xfd, 0x3f, 0xff,
    0xd1, 0x40, 0x4, 0x35, 0x9c, 0xd1, 0xd1, 0xe0,
    0x35, 0x9c, 0xdb, 0x40, 0x7d, 0x36, 0x9c, 0xfc,
    0x70, 0x9, 0x3b, 0x4f, 0xd0, 0xff, 0xf0, 0x3f,
    0x0, 0xd2, 0xd5, 0xb0, 0x39, 0x0, 0xd7, 0xc0,
    0xa0, 0x39, 0x55, 0xde, 0xe0, 0xd0, 0x3f, 0xff,
    0xdc, 0x76, 0x80, 0x34, 0x0, 0xd0, 0x2f, 0x0,
    0x34, 0x0, 0xd0, 0x2f, 0x40, 0x3f, 0xff, 0xd2,
    0xf1, 0xf4, 0x38, 0x0, 0xef, 0x40, 0x2e, 0x0,
    0x0, 0x0, 0x0, 0x0,

    /* U+91CD "重" */
    0x0, 0x0, 0x0, 0x0, 0x0, 0xa, 0xaf, 0xff,
    0xff, 0xf0, 0xa, 0xaa, 0x6d, 0x54, 0x0, 0x0,
    0x0, 0x1c, 0x0, 0x0, 0x7f, 0xff, 0xff, 0xff,
    0xff, 0x15, 0x55, 0x6d, 0x55, 0x54, 0x0, 0x0,
    0x2c, 0x0, 0x0, 0x3, 0xff, 0xff, 0xff, 0xe0,
    0x3, 0x40, 0x1c, 0x0, 0xa0, 0x3, 0x40, 0x2c,
    0x0, 0xe0, 0x3, 0xff, 0xff, 0xff, 0xe0, 0x3,
    0x40, 0x1c, 0x0, 0xa0, 0x3, 0xff, 0xff, 0xff,
    0xe0, 0x3, 0x40, 0x2c, 0x0, 0xe0, 0x0, 0x0,
    0x1c, 0x0, 0x0, 0xf, 0xff, 0xff, 0xff, 0xf4,
    0x0, 0x0, 0x2c, 0x0, 0x0, 0x15, 0x55, 0x6d,
    0x55, 0x54, 0x7f, 0xff, 0xff, 0xff, 0xff,

    /* U+91CF "量" */
    0x1, 0xff, 0xff, 0xff, 0xc0, 0x1, 0xc0, 0x0,
    0x2, 0xc0, 0x1, 0xff, 0xff, 0xff, 0xc0, 0x1,
    0xc0, 0x0, 0x2, 0xc0, 0x1, 0xff, 0xff, 0xff,
    0xc0, 0x0, 0x80, 0x0, 0x1, 0x80, 0x7f, 0xff,
    0xff, 0xff, 0xff, 0x0, 0x0, 0x0, 0x0, 0x0,
    0x1, 0xff, 0xff, 0xff, 0xc0, 0x1, 0xc0, 0x1c,
    0x1, 0xc0, 0x1, 0xff, 0xff, 0xff, 0xc0, 0x1,
    0xc0, 0x2c, 0x1, 0xc0, 0x1, 0xc0, 0x2c, 0x1,
    0xc0, 0x1, 0xff, 0xff, 0xff, 0xc0, 0x0, 0x0,
    0x1c, 0x0, 0x0, 0x1f, 0xff, 0xff, 0xff, 0xf8,
    0x0, 0x0, 0x1c, 0x0, 0x0, 0x7f, 0xff, 0xff,
    0xff, 0xff,

    /* U+94C1 "铁" */
    0x1, 0x0, 0x0, 0x4, 0x0, 0x0, 0xd0, 0x0,
    0xb, 0x0, 0x0, 0x70, 0x2, 0xc2, 0xc0, 0x0,
    0x3e, 0xa4, 0xb0, 0xb0, 0x0, 0x1e, 0xa9, 0x3d,
    0x7d, 0x54, 0xe, 0x0, 0x1f, 0xff, 0xff, 0x43,
    0x0, 0xb, 0x2, 0xc0, 0x0, 0xbf, 0xf3, 0x80,
    0xb0, 0x0, 0x7, 0xd4, 0x50, 0x2c, 0x0, 0x0,
    0xf0, 0x5, 0x5f, 0x55, 0x40, 0x3c, 0xf, 0xff,
    0xff, 0xf0, 0xff, 0xf8, 0x0, 0xf4, 0x0, 0x17,
    0xd4, 0x0, 0x7e, 0x0, 0x0, 0xf0, 0x0, 0x3d,
    0xc0, 0x0, 0x3c, 0x0, 0x1d, 0x38, 0x0, 0xf,
    0x28, 0xf, 0xb, 0x40, 0x3, 0xfd, 0xf, 0x0,
    0xf4, 0x0, 0xf8, 0x2f, 0x40, 0xf, 0x80, 0x20,
    0x1f, 0x0, 0x0, 0xe0, 0x0, 0x1, 0x0, 0x0,
    0x0,

    /* U+9500 "销" */
    0x1, 0x0, 0x0, 0x60, 0x0, 0x3, 0x81, 0x80,
    0xb0, 0x24, 0xb, 0x1, 0xe0, 0xb0, 0x78, 0xf,
    0x54, 0x74, 0xb0, 0xf0, 0x2f, 0xfc, 0x2c, 0xb2,
    0xc0, 0x38, 0x0, 0x0, 0xb0, 0x0, 0xb4, 0x0,
    0xff, 0xff, 0xf4, 0x1f, 0xfc, 0xe5, 0x55, 0x78,
    0x3, 0x80, 0xd0, 0x0, 0x38, 0x3, 0x80, 0xd0,
    0x0, 0x38, 0x3, 0x80, 0xff, 0xff, 0xf8, 0xbf,
    0xfd, 0xd0, 0x0, 0x38, 0x3, 0x80, 0xd0, 0x0,
    0x38, 0x3, 0x80, 0xe5, 0x55, 0x78, 0x3, 0x80,
    0xff, 0xff, 0xf8, 0x3, 0x84, 0xd0, 0x0, 0x38,
    0x3, 0xad, 0xd0, 0x0, 0x38, 0x3, 0xf8, 0xd0,
    0x0, 0x34, 0x7, 0x80, 0xd0, 0x2a, 0xf4, 0x1,
    0x0, 0xd0, 0x2f, 0xe0,

    /* U+9502 "锂" */
    0x0, 0x0, 0x0, 0x0, 0x0, 0x7, 0x0, 0x55,
    0x55, 0x50, 0xf, 0x0, 0xff, 0xff, 0xf4, 0xe,
    0x54, 0xd0, 0x70, 0x34, 0x2f, 0xfc, 0xd0, 0x70,
    0x34, 0x74, 0x0, 0xe5, 0xb5, 0x74, 0xb0, 0x0,
    0xfa, 0xfa, 0xb4, 0x1f, 0xf8, 0xd0, 0x70, 0x34,
    0x7, 0x94, 0xd0, 0x70, 0x34, 0x3, 0x40, 0xea,
    0xfa, 0xb4, 0x3, 0x40, 0xff, 0xff, 0xf4, 0xbf,
    0xfc, 0x80, 0x70, 0x24, 0x17, 0x94, 0x0, 0x70,
    0x0, 0x3, 0x40, 0x55, 0xb5, 0x54, 0x3, 0x41,
    0xff, 0xff, 0xf8, 0x3, 0x48, 0x0, 0x70, 0x0,
    0x3, 0xbc, 0x0, 0x70, 0x0, 0x7, 0xe1, 0x55,
    0xb5, 0x54, 0x3, 0x3, 0xff, 0xff, 0xfe, 0x0,
    0x0, 0x0, 0x0, 0x0,

    /* U+950C "锌" */
    0x0, 0x0, 0x0, 0x0, 0x0, 0x3, 0x80, 0x0,
    0xf0, 0x0, 0xb, 0x0, 0x0, 0x74, 0x0, 0xf,
    0x54, 0xaa, 0xba, 0xa8, 0x2f, 0xfc, 0xaa, 0xaa,
    0xa8, 0x38, 0x0, 0x18, 0x0, 0x90, 0xb0, 0x0,
    0x1d, 0x1, 0xc0, 0x1f, 0xfc, 0xf, 0x3, 0x80,
    0x3, 0x80, 0x6, 0xb, 0x0, 0x3, 0x83, 0xff,
    0xff, 0xfe, 0x3, 0x81, 0x55, 0xb5, 0x54, 0xff,
    0xfc, 0x0, 0x70, 0x0, 0x3, 0x80, 0x0, 0x70,
    0x0, 0x3, 0x81, 0xff, 0xff, 0xfc, 0x3, 0x80,
    0x55, 0xb5, 0x54, 0x3, 0x80, 0x0, 0x70, 0x0,
    0x3, 0xac, 0x0, 0x70, 0x0, 0x3, 0xf8, 0x0,
    0x70, 0x0, 0x7, 0xd0, 0x0, 0x70, 0x0, 0x2,
    0x0, 0x0, 0x70, 0x0,

    /* U+9549 "镉" */
    0x6, 0x0, 0x0, 0x0, 0x0, 0xa, 0x1, 0xff,
    0xff, 0xfd, 0xd, 0x0, 0x55, 0x55, 0x54, 0x1f,
    0xfc, 0x0, 0x0, 0x0, 0x3e, 0xa8, 0x3f, 0xff,
    0xf0, 0x34, 0x0, 0x34, 0x0, 0xb0, 0xb0, 0x0,
    0x30, 0x0, 0x70, 0x2f, 0xf0, 0x3f, 0xff, 0xf0,
    0x7, 0x40, 0x24, 0x0, 0x60, 0x3, 0x0, 0x55,
    0x55, 0x54, 0x7, 0x41, 0xff, 0xff, 0xfc, 0x7f,
    0xfd, 0xc6, 0x3, 0xc, 0x7, 0x41, 0xc3, 0x4b,
    0xc, 0x3, 0x1, 0xc2, 0x4d, 0xc, 0x3, 0x1,
    0xdf, 0xff, 0xdc, 0x3, 0x5, 0xc0, 0x70, 0xc,
    0x3, 0x79, 0xc0, 0x70, 0xc, 0x7, 0xf5, 0xc0,
    0x70, 0x1c, 0xb, 0x81, 0xc0, 0x72, 0xbc, 0x0,
    0x1, 0xc0, 0x3, 0xf4,

    /* U+954D "镍" */
    0x6, 0x0, 0x1, 0x80, 0x0, 0xb, 0x0, 0x3,
    0x80, 0x0, 0xe, 0x1, 0xff, 0xff, 0xf0, 0xf,
    0xfd, 0xd5, 0x55, 0x70, 0x2e, 0xa9, 0xc0, 0x0,
    0x70, 0x34, 0x1, 0xff, 0xff, 0xf0, 0x70, 0x1,
    0xc0, 0x0, 0x30, 0x2f, 0xf1, 0xd5, 0x55, 0x70,
    0x7, 0x91, 0xff, 0xff, 0xf0, 0x3, 0x41, 0xc0,
    0x0, 0x30, 0x3, 0x41, 0xff, 0xff, 0xf0, 0x7f,
    0xfd, 0xea, 0xaa, 0xb0, 0x7, 0x40, 0x0, 0xd0,
    0x0, 0x3, 0x43, 0xff, 0xff, 0xfc, 0x3, 0x44,
    0x7, 0xfc, 0x0, 0x3, 0x78, 0xd, 0xdf, 0x0,
    0x3, 0xf0, 0x78, 0xd3, 0xd0, 0x7, 0xc2, 0xe0,
    0xd0, 0xb8, 0x7, 0xb, 0x40, 0xd0, 0x1d, 0x0,
    0x0, 0x0, 0xd0, 0x0,

    /* U+95ED "闭" */
    0x4, 0x0, 0x0, 0x0, 0x1, 0xf0, 0x15, 0x55,
    0x55, 0x7, 0xc7, 0xff, 0xff, 0xf1, 0x18, 0x0,
    0x50, 0xb, 0xb0, 0x0, 0xe, 0x0, 0xbb, 0x0,
    0x0, 0xe0, 0xb, 0xb0, 0x0, 0xe, 0x0, 0xbb,
    0x2f, 0xff, 0xff, 0xcb, 0xb0, 0x0, 0x2e, 0x0,
    0xbb, 0x0, 0x3, 0xe0, 0xb, 0xb0, 0x0, 0xee,
    0x0, 0xbb, 0x0, 0x3c, 0xe0, 0xb, 0xb0, 0xf,
    0xe, 0x0, 0xbb, 0x7, 0xc0, 0xe0, 0xb, 0xb2,
    0xf0, 0xe, 0x0, 0xbb, 0x38, 0x0, 0xe0, 0xb,
    0xb0, 0x2, 0x6e, 0x0, 0xbb, 0x0, 0x3f, 0xc5,
    0x6e, 0xb0, 0x0, 0x0, 0xff, 0xc0, 0x0, 0x0,
    0x0, 0x0,

    /* U+9650 "限" */
    0x55, 0x51, 0x55, 0x55, 0x3, 0xff, 0xcf, 0xff,
    0xfd, 0xe, 0xf, 0x38, 0x0, 0x34, 0x38, 0x34,
    0xe0, 0x0, 0xd0, 0xe1, 0xc3, 0x95, 0x57, 0x43,
    0x8e, 0xf, 0xff, 0xfd, 0xe, 0x34, 0x38, 0x0,
    0x34, 0x38, 0xd0, 0xe0, 0x0, 0xd0, 0xe2, 0xc3,
    0xff, 0xff, 0x43, 0x83, 0x4e, 0x7d, 0x5d, 0xe,
    0xb, 0x38, 0x70, 0x19, 0x38, 0x2c, 0xe0, 0xd0,
    0xbc, 0xe0, 0xb3, 0x82, 0xcf, 0x83, 0x83, 0xce,
    0x3, 0xf4, 0xe, 0xfd, 0x38, 0x3, 0x80, 0x39,
    0x40, 0xe1, 0xc7, 0xc0, 0xe0, 0x3, 0xfe, 0x7,
    0xe3, 0x80, 0x1f, 0x80, 0x2, 0xce, 0x0, 0x20,
    0x0, 0x0, 0x0,

    /* U+97F3 "音" */
    0x0, 0x0, 0x20, 0x0, 0x0, 0x0, 0x0, 0x38,
    0x0, 0x0, 0x15, 0x55, 0x7d, 0x55, 0x50, 0x3f,
    0xff, 0xff, 0xff, 0xf4, 0x0, 0x24, 0x0, 0x24,
    0x0, 0x0, 0x3c, 0x0, 0x78, 0x0, 0x55, 0x6d,
    0x55, 0xf5, 0x54, 0xff, 0xff, 0xff, 0xff, 0xfd,
    0x0, 0x0, 0x0, 0x0, 0x0, 0x0, 0x0, 0x0,
    0x0, 0x0, 0x7, 0xff, 0xff, 0xff, 0xc0, 0x7,
    0x40, 0x0, 0x2, 0xc0, 0x7, 0x0, 0x0, 0x2,
    0xc0, 0x7, 0x55, 0x55, 0x57, 0xc0, 0x7, 0xff,
    0xff, 0xff, 0xc0, 0x7, 0x0, 0x0, 0x2, 0xc0,
    0x7, 0x0, 0x0, 0x2, 0xc0, 0x7, 0xff, 0xff,
    0xff, 0xc0, 0x7, 0x55, 0x55, 0x57, 0xc0, 0x0,
    0x0, 0x0, 0x0, 0x0,

    /* U+9AD8 "高" */
    0x0, 0x0, 0x0, 0x0, 0x0, 0x0, 0x0, 0x70,
    0x0, 0x0, 0x0, 0x0, 0x38, 0x0, 0x0, 0xff,
    0xff, 0xff, 0xff, 0xfd, 0x55, 0x55, 0x55, 0x55,
    0x54, 0x0, 0x55, 0x55, 0x55, 0x0, 0x1, 0xff,
    0xff, 0xff, 0x0, 0x1, 0xc0, 0x0, 0x7, 0x0,
    0x1, 0xd5, 0x55, 0x57, 0x0, 0x1, 0xff, 0xff,
    0xff, 0x0, 0x0, 0x40, 0x0, 0x2, 0x0, 0x2f,
    0xff, 0xff, 0xff, 0xf4, 0x2d, 0x55, 0x55, 0x55,
    0x74, 0x2c, 0x0, 0x0, 0x0, 0x34, 0x2c, 0x2f,
    0xff, 0xf4, 0x34, 0x2c, 0x2c, 0x0, 0x34, 0x34,
    0x2c, 0x2d, 0x55, 0x74, 0x34, 0x2c, 0x2f, 0xff,
    0xf4, 0x34, 0x2c, 0x18, 0x0, 0x16, 0xf0, 0x2c,
    0x0, 0x0, 0x2f, 0xd0
};


/*---------------------
 *  GLYPH DESCRIPTION
 *--------------------*/

static const lv_font_fmt_txt_glyph_dsc_t glyph_dsc[] = {
    {.bitmap_index = 0, .adv_w = 0, .box_w = 0, .box_h = 0, .ofs_x = 0, .ofs_y = 0} /* id = 0 reserved */,
    {.bitmap_index = 0, .adv_w = 95, .box_w = 0, .box_h = 0, .ofs_x = 0, .ofs_y = 0},
    {.bitmap_index = 0, .adv_w = 285, .box_w = 17, .box_h = 15, .ofs_x = 0, .ofs_y = 0},
    {.bitmap_index = 64, .adv_w = 77, .box_w = 4, .box_h = 6, .ofs_x = 0, .ofs_y = -3},
    {.bitmap_index = 70, .adv_w = 138, .box_w = 7, .box_h = 3, .ofs_x = 1, .ofs_y = 5},
    {.bitmap_index = 76, .adv_w = 77, .box_w = 3, .box_h = 3, .ofs_x = 1, .ofs_y = 0},
    {.bitmap_index = 79, .adv_w = 188, .box_w = 11, .box_h = 15, .ofs_x = 0, .ofs_y = 0},
    {.bitmap_index = 121, .adv_w = 188, .box_w = 6, .box_h = 15, .ofs_x = 2, .ofs_y = 0},
    {.bitmap_index = 144, .adv_w = 188, .box_w = 10, .box_h = 15, .ofs_x = 1, .ofs_y = 0},
    {.bitmap_index = 182, .adv_w = 188, .box_w = 10, .box_h = 15, .ofs_x = 1, .ofs_y = 0},
    {.bitmap_index = 220, .adv_w = 188, .box_w = 12, .box_h = 15, .ofs_x = 0, .ofs_y = 0},
    {.bitmap_index = 265, .adv_w = 188, .box_w = 10, .box_h = 15, .ofs_x = 1, .ofs_y = 0},
    {.bitmap_index = 303, .adv_w = 188, .box_w = 10, .box_h = 15, .ofs_x = 1, .ofs_y = 0},
    {.bitmap_index = 341, .adv_w = 188, .box_w = 10, .box_h = 15, .ofs_x = 1, .ofs_y = 0},
    {.bitmap_index = 379, .adv_w = 188, .box_w = 11, .box_h = 15, .ofs_x = 0, .ofs_y = 0},
    {.bitmap_index = 421, .adv_w = 188, .box_w = 11, .box_h = 15, .ofs_x = 0, .ofs_y = 0},
    {.bitmap_index = 463, .adv_w = 77, .box_w = 3, .box_h = 11, .ofs_x = 1, .ofs_y = 0},
    {.bitmap_index = 472, .adv_w = 225, .box_w = 14, .box_h = 15, .ofs_x = 0, .ofs_y = 0},
    {.bitmap_index = 525, .adv_w = 201, .box_w = 11, .box_h = 15, .ofs_x = 1, .ofs_y = 0},
    {.bitmap_index = 567, .adv_w = 214, .box_w = 13, .box_h = 15, .ofs_x = 0, .ofs_y = 0},
    {.bitmap_index = 616, .adv_w = 244, .box_w = 14, .box_h = 15, .ofs_x = 1, .ofs_y = 0},
    {.bitmap_index = 669, .adv_w = 176, .box_w = 10, .box_h = 15, .ofs_x = 1, .ofs_y = 0},
    {.bitmap_index = 707, .adv_w = 170, .box_w = 9, .box_h = 15, .ofs_x = 1, .ofs_y = 0},
    {.bitmap_index = 741, .adv_w = 238, .box_w = 14, .box_h = 15, .ofs_x = 0, .ofs_y = 0},
    {.bitmap_index = 794, .adv_w = 248, .box_w = 13, .box_h = 15, .ofs_x = 1, .ofs_y = 0},
    {.bitmap_index = 843, .adv_w = 94, .box_w = 3, .box_h = 15, .ofs_x = 1, .ofs_y = 0},
    {.bitmap_index = 855, .adv_w = 127, .box_w = 7, .box_h = 15, .ofs_x = 0, .ofs_y = 0},
    {.bitmap_index = 882, .adv_w = 203, .box_w = 12, .box_h = 15, .ofs_x = 1, .ofs_y = 0},
    {.bitmap_index = 927, .adv_w = 164, .box_w = 9, .box_h = 15, .ofs_x = 1, .ofs_y = 0},
    {.bitmap_index = 961, .adv_w = 313, .box_w = 17, .box_h = 15, .ofs_x = 1, .ofs_y = 0},
    {.bitmap_index = 1025, .adv_w = 260, .box_w = 14, .box_h = 15, .ofs_x = 1, .ofs_y = 0},
    {.bitmap_index = 1078, .adv_w = 261, .box_w = 16, .box_h = 15, .ofs_x = 0, .ofs_y = 0},
    {.bitmap_index = 1138, .adv_w = 196, .box_w = 11, .box_h = 15, .ofs_x = 1, .ofs_y = 0},
    {.bitmap_index = 1180, .adv_w = 261, .box_w = 17, .box_h = 17, .ofs_x = 0, .ofs_y = -2},
    {.bitmap_index = 1253, .adv_w = 209, .box_w = 12, .box_h = 15, .ofs_x = 1, .ofs_y = 0},
    {.bitmap_index = 1298, .adv_w = 185, .box_w = 10, .box_h = 15, .ofs_x = 1, .ofs_y = 0},
    {.bitmap_index = 1336, .adv_w = 183, .box_w = 12, .box_h = 15, .ofs_x = 0, .ofs_y = 0},
    {.bitmap_index = 1381, .adv_w = 239, .box_w = 13, .box_h = 15, .ofs_x = 1, .ofs_y = 0},
    {.bitmap_index = 1430, .adv_w = 216, .box_w = 14, .box_h = 15, .ofs_x = 0, .ofs_y = 0},
    {.bitmap_index = 1483, .adv_w = 326, .box_w = 21, .box_h = 15, .ofs_x = 0, .ofs_y = 0},
    {.bitmap_index = 1562, .adv_w = 206, .box_w = 13, .box_h = 15, .ofs_x = 0, .ofs_y = 0},
    {.bitmap_index = 1611, .adv_w = 193, .box_w = 12, .box_h = 15, .ofs_x = 0, .ofs_y = 0},
    {.bitmap_index = 1656, .adv_w = 198, .box_w = 12, .box_h = 15, .ofs_x = 0, .ofs_y = 0},
    {.bitmap_index = 1701, .adv_w = 177, .box_w = 10, .box_h = 11, .ofs_x = 0, .ofs_y = 0},
    {.bitmap_index = 1729, .adv_w = 204, .box_w = 11, .box_h = 16, .ofs_x = 1, .ofs_y = 0},
    {.bitmap_index = 1773, .adv_w = 160, .box_w = 10, .box_h = 11, .ofs_x = 0, .ofs_y = 0},
    {.bitmap_index = 1801, .adv_w = 205, .box_w = 12, .box_h = 16, .ofs_x = 0, .ofs_y = 0},
    {.bitmap_index = 1849, .adv_w = 182, .box_w = 11, .box_h = 11, .ofs_x = 0, .ofs_y = 0},
    {.bitmap_index = 1880, .adv_w = 111, .box_w = 8, .box_h = 16, .ofs_x = 0, .ofs_y = 0},
    {.bitmap_index = 1912, .adv_w = 205, .box_w = 12, .box_h = 16, .ofs_x = 0, .ofs_y = -5},
    {.bitmap_index = 1960, .adv_w = 197, .box_w = 10, .box_h = 16, .ofs_x = 1, .ofs_y = 0},
    {.bitmap_index = 2000, .adv_w = 85, .box_w = 3, .box_h = 16, .ofs_x = 1, .ofs_y = 0},
    {.bitmap_index = 2012, .adv_w = 85, .box_w = 7, .box_h = 21, .ofs_x = -3, .ofs_y = -5},
    {.bitmap_index = 2049, .adv_w = 174, .box_w = 10, .box_h = 16, .ofs_x = 1, .ofs_y = 0},
    {.bitmap_index = 2089, .adv_w = 85, .box_w = 3, .box_h = 16, .ofs_x = 1, .ofs_y = 0},
    {.bitmap_index = 2101, .adv_w = 300, .box_w = 17, .box_h = 11, .ofs_x = 1, .ofs_y = 0},
    {.bitmap_index = 2148, .adv_w = 197, .box_w = 10, .box_h = 11, .ofs_x = 1, .ofs_y = 0},
    {.bitmap_index = 2176, .adv_w = 203, .box_w = 12, .box_h = 11, .ofs_x = 0, .ofs_y = 0},
    {.bitmap_index = 2209, .adv_w = 204, .box_w = 11, .box_h = 16, .ofs_x = 1, .ofs_y = -5},
    {.bitmap_index = 2253, .adv_w = 205, .box_w = 12, .box_h = 16, .ofs_x = 0, .ofs_y = -5},
    {.bitmap_index = 2301, .adv_w = 122, .box_w = 7, .box_h = 12, .ofs_x = 1, .ofs_y = 0},
    {.bitmap_index = 2322, .adv_w = 148, .box_w = 8, .box_h = 11, .ofs_x = 1, .ofs_y = 0},
    {.bitmap_index = 2344, .adv_w = 119, .box_w = 7, .box_h = 15, .ofs_x = 0, .ofs_y = 0},
    {.bitmap_index = 2371, .adv_w = 197, .box_w = 10, .box_h = 11, .ofs_x = 1, .ofs_y = 0},
    {.bitmap_index = 2399, .adv_w = 168, .box_w = 11, .box_h = 11, .ofs_x = 0, .ofs_y = 0},
    {.bitmap_index = 2430, .adv_w = 253, .box_w = 16, .box_h = 11, .ofs_x = 0, .ofs_y = 0},
    {.bitmap_index = 2474, .adv_w = 162, .box_w = 10, .box_h = 11, .ofs_x = 0, .ofs_y = 0},
    {.bitmap_index = 2502, .adv_w = 169, .box_w = 11, .box_h = 16, .ofs_x = 0, .ofs_y = -5},
    {.bitmap_index = 2546, .adv_w = 157, .box_w = 10, .box_h = 11, .ofs_x = 0, .ofs_y = 0},
    {.bitmap_index = 2574, .adv_w = 130, .box_w = 7, .box_h = 8, .ofs_x = 1, .ofs_y = 9},
    {.bitmap_index = 2588, .adv_w = 261, .box_w = 15, .box_h = 15, .ofs_x = 1, .ofs_y = 0},
    {.bitmap_index = 2645, .adv_w = 225, .box_w = 14, .box_h = 16, .ofs_x = 0, .ofs_y = 0},
    {.bitmap_index = 2701, .adv_w = 320, .box_w = 20, .box_h = 19, .ofs_x = 0, .ofs_y = -3},
    {.bitmap_index = 2796, .adv_w = 320, .box_w = 18, .box_h = 20, .ofs_x = 1, .ofs_y = -3},
    {.bitmap_index = 2886, .adv_w = 320, .box_w = 20, .box_h = 20, .ofs_x = 0, .ofs_y = -3},
    {.bitmap_index = 2986, .adv_w = 320, .box_w = 20, .box_h = 21, .ofs_x = 0, .ofs_y = -4},
    {.bitmap_index = 3091, .adv_w = 320, .box_w = 20, .box_h = 20, .ofs_x = 0, .ofs_y = -3},
    {.bitmap_index = 3191, .adv_w = 320, .box_w = 20, .box_h = 21, .ofs_x = 0, .ofs_y = -4},
    {.bitmap_index = 3296, .adv_w = 320, .box_w = 20, .box_h = 20, .ofs_x = 0, .ofs_y = -3},
    {.bitmap_index = 3396, .adv_w = 320, .box_w = 20, .box_h = 20, .ofs_x = 0, .ofs_y = -3},
    {.bitmap_index = 3496, .adv_w = 320, .box_w = 20, .box_h = 20, .ofs_x = 0, .ofs_y = -3},
    {.bitmap_index = 3596, .adv_w = 320, .box_w = 20, .box_h = 20, .ofs_x = 0, .ofs_y = -3},
    {.bitmap_index = 3696, .adv_w = 320, .box_w = 20, .box_h = 19, .ofs_x = 0, .ofs_y = -2},
    {.bitmap_index = 3791, .adv_w = 320, .box_w = 20, .box_h = 20, .ofs_x = 0, .ofs_y = -3},
    {.bitmap_index = 3891, .adv_w = 320, .box_w = 18, .box_h = 19, .ofs_x = 1, .ofs_y = -2},
    {.bitmap_index = 3977, .adv_w = 320, .box_w = 20, .box_h = 20, .ofs_x = 0, .ofs_y = -3},
    {.bitmap_index = 4077, .adv_w = 320, .box_w = 19, .box_h = 20, .ofs_x = 0, .ofs_y = -3},
    {.bitmap_index = 4172, .adv_w = 320, .box_w = 20, .box_h = 20, .ofs_x = 0, .ofs_y = -3},
    {.bitmap_index = 4272, .adv_w = 320, .box_w = 20, .box_h = 20, .ofs_x = 0, .ofs_y = -3},
    {.bitmap_index = 4372, .adv_w = 320, .box_w = 20, .box_h = 20, .ofs_x = 0, .ofs_y = -3},
    {.bitmap_index = 4472, .adv_w = 320, .box_w = 20, .box_h = 19, .ofs_x = 0, .ofs_y = -3},
    {.bitmap_index = 4567, .adv_w = 320, .box_w = 20, .box_h = 19, .ofs_x = 0, .ofs_y = -3},
    {.bitmap_index = 4662, .adv_w = 320, .box_w = 19, .box_h = 21, .ofs_x = 0, .ofs_y = -4},
    {.bitmap_index = 4762, .adv_w = 320, .box_w = 18, .box_h = 18, .ofs_x = 1, .ofs_y = -2},
    {.bitmap_index = 4843, .adv_w = 320, .box_w = 20, .box_h = 19, .ofs_x = 0, .ofs_y = -2},
    {.bitmap_index = 4938, .adv_w = 320, .box_w = 20, .box_h = 20, .ofs_x = 0, .ofs_y = -3},
    {.bitmap_index = 5038, .adv_w = 320, .box_w = 20, .box_h = 20, .ofs_x = 0, .ofs_y = -3},
    {.bitmap_index = 5138, .adv_w = 320, .box_w = 20, .box_h = 21, .ofs_x = 0, .ofs_y = -4},
    {.bitmap_index = 5243, .adv_w = 320, .box_w = 20, .box_h = 19, .ofs_x = 0, .ofs_y = -3},
    {.bitmap_index = 5338, .adv_w = 320, .box_w = 20, .box_h = 20, .ofs_x = 0, .ofs_y = -3},
    {.bitmap_index = 5438, .adv_w = 320, .box_w = 20, .box_h = 20, .ofs_x = 0, .ofs_y = -3},
    {.bitmap_index = 5538, .adv_w = 320, .box_w = 20, .box_h = 20, .ofs_x = 0, .ofs_y = -3},
    {.bitmap_index = 5638, .adv_w = 320, .box_w = 20, .box_h = 20, .ofs_x = 0, .ofs_y = -3},
    {.bitmap_index = 5738, .adv_w = 320, .box_w = 19, .box_h = 19, .ofs_x = 0, .ofs_y = -3},
    {.bitmap_index = 5829, .adv_w = 320, .box_w = 20, .box_h = 20, .ofs_x = 0, .ofs_y = -4},
    {.bitmap_index = 5929, .adv_w = 320, .box_w = 20, .box_h = 20, .ofs_x = 0, .ofs_y = -3},
    {.bitmap_index = 6029, .adv_w = 320, .box_w = 20, .box_h = 20, .ofs_x = 0, .ofs_y = -3},
    {.bitmap_index = 6129, .adv_w = 320, .box_w = 20, .box_h = 19, .ofs_x = 0, .ofs_y = -3},
    {.bitmap_index = 6224, .adv_w = 320, .box_w = 20, .box_h = 21, .ofs_x = 0, .ofs_y = -4},
    {.bitmap_index = 6329, .adv_w = 320, .box_w = 20, .box_h = 20, .ofs_x = 0, .ofs_y = -3},
    {.bitmap_index = 6429, .adv_w = 320, .box_w = 20, .box_h = 21, .ofs_x = 0, .ofs_y = -4},
    {.bitmap_index = 6534, .adv_w = 320, .box_w = 21, .box_h = 19, .ofs_x = 0, .ofs_y = -2},
    {.bitmap_index = 6634, .adv_w = 320, .box_w = 20, .box_h = 20, .ofs_x = 0, .ofs_y = -3},
    {.bitmap_index = 6734, .adv_w = 320, .box_w = 20, .box_h = 20, .ofs_x = 0, .ofs_y = -3},
    {.bitmap_index = 6834, .adv_w = 320, .box_w = 20, .box_h = 20, .ofs_x = 0, .ofs_y = -3},
    {.bitmap_index = 6934, .adv_w = 320, .box_w = 20, .box_h = 20, .ofs_x = 0, .ofs_y = -3},
    {.bitmap_index = 7034, .adv_w = 320, .box_w = 20, .box_h = 20, .ofs_x = 0, .ofs_y = -3},
    {.bitmap_index = 7134, .adv_w = 320, .box_w = 20, .box_h = 20, .ofs_x = 0, .ofs_y = -3},
    {.bitmap_index = 7234, .adv_w = 320, .box_w = 20, .box_h = 21, .ofs_x = 0, .ofs_y = -4},
    {.bitmap_index = 7339, .adv_w = 320, .box_w = 20, .box_h = 20, .ofs_x = 0, .ofs_y = -3},
    {.bitmap_index = 7439, .adv_w = 320, .box_w = 20, .box_h = 20, .ofs_x = 0, .ofs_y = -3},
    {.bitmap_index = 7539, .adv_w = 320, .box_w = 20, .box_h = 20, .ofs_x = 0, .ofs_y = -3},
    {.bitmap_index = 7639, .adv_w = 320, .box_w = 20, .box_h = 20, .ofs_x = 0, .ofs_y = -4},
    {.bitmap_index = 7739, .adv_w = 320, .box_w = 20, .box_h = 20, .ofs_x = 0, .ofs_y = -3},
    {.bitmap_index = 7839, .adv_w = 320, .box_w = 20, .box_h = 20, .ofs_x = 0, .ofs_y = -3},
    {.bitmap_index = 7939, .adv_w = 320, .box_w = 20, .box_h = 20, .ofs_x = 0, .ofs_y = -3},
    {.bitmap_index = 8039, .adv_w = 320, .box_w = 20, .box_h = 20, .ofs_x = 0, .ofs_y = -3},
    {.bitmap_index = 8139, .adv_w = 320, .box_w = 20, .box_h = 20, .ofs_x = 0, .ofs_y = -3},
    {.bitmap_index = 8239, .adv_w = 320, .box_w = 20, .box_h = 20, .ofs_x = 0, .ofs_y = -3},
    {.bitmap_index = 8339, .adv_w = 320, .box_w = 20, .box_h = 20, .ofs_x = 0, .ofs_y = -3},
    {.bitmap_index = 8439, .adv_w = 320, .box_w = 20, .box_h = 20, .ofs_x = 0, .ofs_y = -3},
    {.bitmap_index = 8539, .adv_w = 320, .box_w = 20, .box_h = 19, .ofs_x = 0, .ofs_y = -3},
    {.bitmap_index = 8634, .adv_w = 320, .box_w = 19, .box_h = 19, .ofs_x = 1, .ofs_y = -2},
    {.bitmap_index = 8725, .adv_w = 320, .box_w = 20, .box_h = 21, .ofs_x = 0, .ofs_y = -4},
    {.bitmap_index = 8830, .adv_w = 320, .box_w = 20, .box_h = 20, .ofs_x = 0, .ofs_y = -3},
    {.bitmap_index = 8930, .adv_w = 320, .box_w = 20, .box_h = 21, .ofs_x = 0, .ofs_y = -4},
    {.bitmap_index = 9035, .adv_w = 320, .box_w = 20, .box_h = 21, .ofs_x = 0, .ofs_y = -4},
    {.bitmap_index = 9140, .adv_w = 320, .box_w = 20, .box_h = 20, .ofs_x = 0, .ofs_y = -3},
    {.bitmap_index = 9240, .adv_w = 320, .box_w = 20, .box_h = 20, .ofs_x = 0, .ofs_y = -3},
    {.bitmap_index = 9340, .adv_w = 320, .box_w = 20, .box_h = 20, .ofs_x = 0, .ofs_y = -3},
    {.bitmap_index = 9440, .adv_w = 320, .box_w = 20, .box_h = 18, .ofs_x = 0, .ofs_y = -2},
    {.bitmap_index = 9530, .adv_w = 320, .box_w = 16, .box_h = 20, .ofs_x = 2, .ofs_y = -3},
    {.bitmap_index = 9610, .adv_w = 320, .box_w = 21, .box_h = 20, .ofs_x = 0, .ofs_y = -3},
    {.bitmap_index = 9715, .adv_w = 320, .box_w = 20, .box_h = 21, .ofs_x = 0, .ofs_y = -4},
    {.bitmap_index = 9820, .adv_w = 320, .box_w = 20, .box_h = 20, .ofs_x = 0, .ofs_y = -3},
    {.bitmap_index = 9920, .adv_w = 320, .box_w = 20, .box_h = 19, .ofs_x = 0, .ofs_y = -3},
    {.bitmap_index = 10015, .adv_w = 320, .box_w = 20, .box_h = 20, .ofs_x = 0, .ofs_y = -3},
    {.bitmap_index = 10115, .adv_w = 320, .box_w = 20, .box_h = 20, .ofs_x = 0, .ofs_y = -3},
    {.bitmap_index = 10215, .adv_w = 320, .box_w = 20, .box_h = 20, .ofs_x = 0, .ofs_y = -3},
    {.bitmap_index = 10315, .adv_w = 320, .box_w = 20, .box_h = 20, .ofs_x = 0, .ofs_y = -3},
    {.bitmap_index = 10415, .adv_w = 320, .box_w = 20, .box_h = 20, .ofs_x = 0, .ofs_y = -3},
    {.bitmap_index = 10515, .adv_w = 320, .box_w = 20, .box_h = 20, .ofs_x = 0, .ofs_y = -3},
    {.bitmap_index = 10615, .adv_w = 320, .box_w = 20, .box_h = 19, .ofs_x = 0, .ofs_y = -2},
    {.bitmap_index = 10710, .adv_w = 320, .box_w = 20, .box_h = 18, .ofs_x = 0, .ofs_y = -2},
    {.bitmap_index = 10800, .adv_w = 320, .box_w = 21, .box_h = 20, .ofs_x = 0, .ofs_y = -3},
    {.bitmap_index = 10905, .adv_w = 320, .box_w = 20, .box_h = 20, .ofs_x = 0, .ofs_y = -3},
    {.bitmap_index = 11005, .adv_w = 320, .box_w = 20, .box_h = 20, .ofs_x = 0, .ofs_y = -3},
    {.bitmap_index = 11105, .adv_w = 320, .box_w = 20, .box_h = 20, .ofs_x = 0, .ofs_y = -3},
    {.bitmap_index = 11205, .adv_w = 320, .box_w = 20, .box_h = 20, .ofs_x = 0, .ofs_y = -3},
    {.bitmap_index = 11305, .adv_w = 320, .box_w = 20, .box_h = 20, .ofs_x = 0, .ofs_y = -3},
    {.bitmap_index = 11405, .adv_w = 320, .box_w = 18, .box_h = 20, .ofs_x = 1, .ofs_y = -3},
    {.bitmap_index = 11495, .adv_w = 320, .box_w = 19, .box_h = 19, .ofs_x = 1, .ofs_y = -3},
    {.bitmap_index = 11586, .adv_w = 320, .box_w = 20, .box_h = 20, .ofs_x = 0, .ofs_y = -3},
    {.bitmap_index = 11686, .adv_w = 320, .box_w = 20, .box_h = 20, .ofs_x = 0, .ofs_y = -2}
};

/*---------------------
 *  CHARACTER MAPPING
 *--------------------*/

static const uint16_t unicode_list_0[] = {
    0x0, 0x5, 0xc, 0xd, 0xe
};

static const uint16_t unicode_list_4[] = {
    0x0, 0x2f9, 0x2156, 0x4d5b, 0x4d7d, 0x4dfe, 0x4e46, 0x4e4b,
    0x4e9e, 0x4ea3, 0x4f31, 0x4ff8, 0x5095, 0x50b8, 0x50c3, 0x514a,
    0x5156, 0x5186, 0x51f1, 0x51f8, 0x52a5, 0x52d2, 0x52db, 0x537f,
    0x562e, 0x56db, 0x5840, 0x585d, 0x591b, 0x5aa0, 0x5aa8, 0x5adc,
    0x5aea, 0x5b09, 0x5b90, 0x5b9f, 0x5da5, 0x5df6, 0x5e50, 0x5efa,
    0x5f16, 0x5fb2, 0x5fbf, 0x6160, 0x61b9, 0x6239, 0x648e, 0x64c0,
    0x64d7, 0x6500, 0x66af, 0x66b1, 0x66ce, 0x66e0, 0x6a71, 0x6b11,
    0x6b72, 0x6bb0, 0x6c8b, 0x6c91, 0x6f10, 0x70d4, 0x72ff, 0x7485,
    0x7847, 0x790b, 0x7ad0, 0x7bcb, 0x7c4b, 0x7e23, 0x7e2f, 0x7ebe,
    0x813a, 0x8241, 0x8950, 0x8b00, 0x8b0e, 0x8b3d, 0x8f24, 0x8f59,
    0x8f6a, 0x8fa3, 0x90c8, 0x911d, 0x911f, 0x9411, 0x9450, 0x9452,
    0x945c, 0x9499, 0x949d, 0x953d, 0x95a0, 0x9743, 0x9a28
};

/*Collect the unicode lists and glyph_id offsets*/
static const lv_font_fmt_txt_cmap_t cmaps[] =
{
    {
        .range_start = 32, .range_length = 15, .glyph_id_start = 1,
        .unicode_list = unicode_list_0, .glyph_id_ofs_list = NULL, .list_length = 5, .type = LV_FONT_FMT_TXT_CMAP_SPARSE_TINY
    },
    {
        .range_start = 48, .range_length = 11, .glyph_id_start = 6,
        .unicode_list = NULL, .glyph_id_ofs_list = NULL, .list_length = 0, .type = LV_FONT_FMT_TXT_CMAP_FORMAT0_TINY
    },
    {
        .range_start = 65, .range_length = 26, .glyph_id_start = 17,
        .unicode_list = NULL, .glyph_id_ofs_list = NULL, .list_length = 0, .type = LV_FONT_FMT_TXT_CMAP_FORMAT0_TINY
    },
    {
        .range_start = 97, .range_length = 26, .glyph_id_start = 43,
        .unicode_list = NULL, .glyph_id_ofs_list = NULL, .list_length = 0, .type = LV_FONT_FMT_TXT_CMAP_FORMAT0_TINY
    },
    {
        .range_start = 176, .range_length = 39465, .glyph_id_start = 69,
        .unicode_list = unicode_list_4, .glyph_id_ofs_list = NULL, .list_length = 95, .type = LV_FONT_FMT_TXT_CMAP_SPARSE_TINY
    }
};

/*-----------------
 *    KERNING
 *----------------*/


/*Pair left and right glyphs for kerning*/
static const uint8_t kern_pair_glyph_ids[] =
{
    17, 3,
    17, 19,
    17, 23,
    17, 26,
    17, 31,
    17, 36,
    17, 37,
    17, 38,
    17, 39,
    17, 41,
    17, 42,
    17, 62,
    17, 64,
    17, 65,
    17, 67,
    18, 36,
    18, 41,
    19, 19,
    19, 23,
    19, 31,
    19, 33,
    20, 3,
    20, 5,
    20, 17,
    20, 36,
    20, 40,
    20, 42,
    21, 17,
    21, 26,
    21, 36,
    21, 39,
    21, 40,
    22, 3,
    22, 5,
    22, 17,
    22, 26,
    22, 35,
    22, 36,
    22, 43,
    22, 48,
    23, 36,
    23, 38,
    23, 67,
    26, 3,
    26, 5,
    26, 17,
    26, 26,
    26, 43,
    27, 3,
    27, 19,
    27, 23,
    27, 26,
    27, 31,
    27, 33,
    27, 40,
    27, 42,
    27, 45,
    27, 46,
    27, 47,
    27, 49,
    27, 57,
    27, 59,
    27, 62,
    27, 64,
    27, 65,
    27, 67,
    28, 17,
    28, 19,
    28, 23,
    28, 26,
    28, 31,
    28, 33,
    28, 36,
    28, 37,
    28, 38,
    28, 39,
    28, 41,
    28, 42,
    28, 62,
    28, 64,
    28, 65,
    28, 67,
    31, 3,
    31, 5,
    31, 17,
    31, 26,
    31, 36,
    31, 40,
    31, 41,
    31, 42,
    32, 3,
    32, 5,
    32, 17,
    32, 23,
    32, 26,
    32, 39,
    32, 40,
    32, 43,
    32, 45,
    32, 46,
    32, 47,
    32, 49,
    32, 57,
    32, 59,
    33, 3,
    33, 5,
    33, 17,
    33, 36,
    33, 40,
    33, 41,
    33, 42,
    34, 19,
    34, 23,
    34, 26,
    34, 31,
    34, 33,
    34, 36,
    34, 41,
    34, 45,
    34, 46,
    34, 47,
    34, 49,
    34, 57,
    34, 59,
    35, 62,
    35, 64,
    35, 65,
    35, 67,
    36, 3,
    36, 5,
    36, 16,
    36, 17,
    36, 19,
    36, 23,
    36, 26,
    36, 31,
    36, 33,
    36, 36,
    36, 38,
    36, 39,
    36, 40,
    36, 41,
    36, 43,
    36, 45,
    36, 46,
    36, 47,
    36, 48,
    36, 49,
    36, 55,
    36, 56,
    36, 57,
    36, 58,
    36, 59,
    36, 60,
    36, 61,
    36, 63,
    36, 64,
    36, 65,
    36, 66,
    36, 67,
    36, 68,
    37, 17,
    38, 3,
    38, 5,
    38, 17,
    38, 19,
    38, 23,
    38, 26,
    38, 31,
    38, 33,
    38, 35,
    38, 36,
    38, 43,
    38, 45,
    38, 46,
    38, 47,
    38, 49,
    38, 55,
    38, 56,
    38, 57,
    38, 58,
    38, 59,
    38, 60,
    38, 61,
    38, 63,
    39, 3,
    39, 5,
    39, 17,
    39, 36,
    39, 43,
    39, 45,
    39, 46,
    39, 47,
    39, 49,
    39, 57,
    39, 59,
    40, 3,
    40, 5,
    40, 19,
    40, 23,
    40, 26,
    40, 31,
    40, 33,
    40, 36,
    41, 3,
    41, 5,
    41, 17,
    41, 19,
    41, 23,
    41, 26,
    41, 31,
    41, 33,
    41, 35,
    41, 36,
    41, 43,
    41, 45,
    41, 46,
    41, 47,
    41, 48,
    41, 49,
    41, 55,
    41, 56,
    41, 57,
    41, 58,
    41, 59,
    41, 60,
    41, 61,
    41, 63,
    42, 26,
    42, 36,
    42, 67,
    44, 43,
    44, 48,
    44, 66,
    45, 26,
    45, 36,
    45, 41,
    48, 3,
    48, 4,
    48, 5,
    48, 16,
    48, 44,
    48, 50,
    48, 62,
    48, 64,
    48, 65,
    48, 66,
    48, 67,
    49, 52,
    52, 52,
    53, 3,
    53, 4,
    53, 5,
    53, 16,
    53, 45,
    53, 46,
    53, 47,
    53, 49,
    53, 57,
    53, 59,
    53, 62,
    57, 43,
    57, 48,
    57, 66,
    58, 43,
    58, 48,
    58, 66,
    59, 52,
    60, 3,
    60, 4,
    60, 5,
    60, 16,
    60, 45,
    60, 46,
    60, 47,
    60, 48,
    60, 49,
    60, 55,
    60, 56,
    60, 57,
    60, 59,
    60, 61,
    60, 62,
    60, 64,
    60, 65,
    60, 66,
    60, 67,
    60, 68,
    62, 4,
    62, 45,
    62, 46,
    62, 47,
    62, 49,
    62, 57,
    62, 59,
    62, 66,
    64, 3,
    64, 5,
    64, 43,
    64, 45,
    64, 46,
    64, 47,
    64, 49,
    64, 57,
    64, 59,
    65, 3,
    65, 5,
    65, 45,
    65, 46,
    65, 47,
    65, 49,
    65, 57,
    65, 59,
    66, 45,
    66, 46,
    66, 47,
    66, 49,
    66, 57,
    66, 59,
    67, 3,
    67, 5,
    67, 45,
    67, 46,
    67, 47,
    67, 48,
    67, 49,
    67, 57,
    67, 59,
    67, 62
};

/* Kerning between the respective left and right glyphs
 * 4.4 format which needs to scaled with `kern_scale`*/
static const int8_t kern_pair_values[] =
{
    11, -5, -5, 16, -5, -25, -5, -20,
    -12, -26, 10, -5, -7, -5, -6, -15,
    -11, -9, -9, -5, -9, -22, -22, -6,
    -15, -9, -8, 2, 11, 1, 5, 1,
    -26, -26, -22, -11, -5, 2, -13, 2,
    -8, -5, -5, -17, -17, -6, -11, -5,
    7, -15, -15, 15, -15, -15, 6, 7,
    -5, -5, -5, -5, -5, -5, -8, -12,
    -9, -15, 10, -11, -11, 17, -12, -12,
    -19, -5, -20, -8, -22, 10, -5, -17,
    -11, -13, -15, -15, -5, -2, -15, -6,
    -4, -8, -55, -55, -27, -2, -22, 7,
    -10, -11, -13, -13, -13, -13, -13, -12,
    -15, -22, -5, -15, -6, -2, -8, -5,
    -5, 10, -3, -3, -9, -7, -9, -9,
    -10, -10, -10, -9, -11, -8, -5, -8,
    -22, -30, -4, -26, -15, -15, -19, -15,
    -15, 7, 7, 7, -1, 5, -37, -36,
    -36, -36, -16, -36, -30, -30, -36, -30,
    -36, -30, -26, -30, -17, -19, -30, -19,
    -22, -7, -35, -39, -20, -7, -7, -12,
    -2, -7, -5, 7, -25, -22, -22, -22,
    -22, -13, -13, -22, -13, -22, -13, -11,
    -13, -20, -22, -12, 7, -13, -8, -8,
    -8, -8, -8, -8, 11, 10, -4, -4,
    16, -4, -4, 6, -30, -33, -27, -8,
    -8, -11, -8, -8, -5, 7, -34, -30,
    -30, -30, -5, -30, -24, -24, -30, -24,
    -30, -24, -22, -24, 14, 7, -9, -5,
    -2, -4, 12, -17, -13, -22, -17, -22,
    14, 3, 3, 6, 7, 7, 3, 6,
    8, 6, 14, -23, 14, 14, -7, -5,
    -7, -7, -7, -5, -3, -5, -6, -4,
    -5, -6, -4, 17, -27, -22, -29, 14,
    -5, -5, -5, 7, -5, -1, -1, -5,
    -5, 2, 10, 14, 14, 10, 14, 7,
    -19, -5, -5, -3, -3, -3, -3, 5,
    -20, -22, -6, -2, -3, -2, -2, -2,
    -3, -15, -17, -1, -2, -2, -1, -1,
    -2, -3, -3, -3, -3, -3, -3, -17,
    -21, -2, -2, -2, 1, -2, -2, -2,
    1
};

/*Collect the kern pair's data in one place*/
static const lv_font_fmt_txt_kern_pair_t kern_pairs =
{
    .glyph_ids = kern_pair_glyph_ids,
    .values = kern_pair_values,
    .pair_cnt = 329,
    .glyph_ids_size = 0
};

/*--------------------
 *  ALL CUSTOM DATA
 *--------------------*/

#if LVGL_VERSION_MAJOR == 8
/*Store all the custom data of the font*/
static  lv_font_fmt_txt_glyph_cache_t cache;
#endif

#if LVGL_VERSION_MAJOR >= 8
static const lv_font_fmt_txt_dsc_t font_dsc = {
#else
static lv_font_fmt_txt_dsc_t font_dsc = {
#endif
    .glyph_bitmap = glyph_bitmap,
    .glyph_dsc = glyph_dsc,
    .cmaps = cmaps,
    .kern_dsc = &kern_pairs,
    .kern_scale = 16,
    .cmap_num = 5,
    .bpp = 2,
    .kern_classes = 0,
    .bitmap_format = 0,
#if LVGL_VERSION_MAJOR == 8
    .cache = &cache
#endif
};



/*-----------------
 *  PUBLIC FONT
 *----------------*/

/*Initialize a public general font descriptor*/
#if LVGL_VERSION_MAJOR >= 8
const lv_font_t font_isdtyahei_20 = {
#else
lv_font_t font_isdtyahei_20 = {
#endif
    .get_glyph_dsc = lv_font_get_glyph_dsc_fmt_txt,    /*Function pointer to get glyph's data*/
    .get_glyph_bitmap = lv_font_get_bitmap_fmt_txt,    /*Function pointer to get glyph's bitmap*/
    .line_height = 23,          /*The maximum line height required by the font*/
    .base_line = 5,             /*Baseline measured from the bottom of the line*/
#if !(LVGL_VERSION_MAJOR == 6 && LVGL_VERSION_MINOR == 0)
    .subpx = LV_FONT_SUBPX_NONE,
#endif
#if LV_VERSION_CHECK(7, 4, 0) || LVGL_VERSION_MAJOR >= 8
    .underline_position = -2,
    .underline_thickness = 1,
#endif
    .dsc = &font_dsc,          /*The custom font data. Will be accessed by `get_glyph_bitmap/dsc` */
#if LV_VERSION_CHECK(8, 2, 0) || LVGL_VERSION_MAJOR >= 9
    .fallback = NULL,
#endif
    .user_data = NULL,
};



#endif /*#if FONT_ISDTYAHEI_20*/

